stn,date,SO2,CO,O3,NO2,PM10,PM25
111121,2018070101,0.003,0.5,0.012,0.034,24,12
111121,2018070102,0.002,0.5,0.016,0.026,22,14
111121,2018070103,0.002,0.4,0.021,0.017,23,13
111121,2018070104,0.002,0.4,0.019,0.016,21,13
111121,2018070105,0.002,0.3,0.023,0.013,20,13
111121,2018070106,0.002,0.4,0.02,0.015,19,11
111121,2018070107,0.003,0.3,0.015,0.022,16,10
111121,2018070108,0.002,0.4,0.016,0.026,15,8
111121,2018070109,0.002,0.4,0.017,0.024,16,12
111121,2018070110,0.002,0.4,0.015,0.026,14,8
111121,2018070111,0.002,0.4,0.019,0.023,10,9
111121,2018070112,0.003,0.4,0.022,0.025,8,5
111121,2018070113,0.002,0.4,0.025,0.026,7,4
111121,2018070114,0.002,0.4,0.017,0.031,7,5
111121,2018070115,0.003,0.4,0.008,0.037,9,5
111121,2018070116,0.002,0.4,0.007,0.031,10,6
111121,2018070117,0.002,0.4,0.006,0.029,8,5
111121,2018070118,0.002,0.4,0.006,0.027,8,4
111121,2018070119,0.002,0.4,0.007,0.025,8,5
111121,2018070120,0.002,0.4,0.007,0.024,6,4
111121,2018070121,0.002,0.4,0.004,0.028,8,6
111121,2018070122,0.002,0.4,0.006,0.028,7,5
111121,2018070123,0.003,0.3,0.01,0.024,6,6
111121,2018070124,0.002,0.3,0.016,0.022,5,2
111121,2018070201,0.002,0.3,0.023,0.019,4,2
111121,2018070202,0.002,0.3,0.024,0.016,4,2
111121,2018070203,0.002,0.3,0.035,0.009,5,2
111121,2018070204,0.002,0.3,0.047,0.009,3,2
111121,2018070205,0.002,0.3,0.046,0.011,3,2
111121,2018070206,0.002,0.3,0.032,0.025,3,2
111121,2018070207,0.002,0.4,0.025,0.036,5,2
111121,2018070208,0.002,0.4,0.023,0.04,6,4
111121,2018070209,0.003,0.5,0.013,0.051,9,5
111121,2018070210,0.002,0.7,0.009,0.059,11,6
111121,2018070211,0.002,0.7,0.01,0.056,12,6
111121,2018070212,0.003,0.7,0.012,0.052,10,7
111121,2018070213,0.003,0.8,0.008,0.055,16,10
111121,2018070214,0.003,0.8,0.007,0.058,20,14
111121,2018070215,0.003,0.8,0.007,0.057,25,13
111121,2018070216,0.003,0.8,0.008,0.057,25,16
111121,2018070217,0.003,0.7,0.007,0.055,32,17
111121,2018070218,0.003,0.6,0.006,0.048,28,17
111121,2018070219,0.002,0.4,0.007,0.028,11,8
111121,2018070220,0.002,0.4,0.004,0.026,11,8
111121,2018070221,0.003,0.5,0.002,0.028,6,4
111121,2018070222,0.003,0.6,0.002,0.03,10,6
111121,2018070223,0.003,0.6,0.002,0.031,11,7
111121,2018070224,0.003,0.5,0.002,0.028,10,6
111121,2018070301,0.003,0.6,0.002,0.028,13,8
111121,2018070302,0.003,0.5,0.002,0.028,12,7
111121,2018070303,0.002,0.4,0.002,0.023,9,4
111121,2018070304,0.003,0.4,0.004,0.019,9,6
111121,2018070305,0.003,0.3,0.005,0.018,9,7
111121,2018070306,0.003,0.4,0.003,0.021,11,7
111121,2018070307,0.003,0.4,0.004,0.021,13,6
111121,2018070308,0.003,0.4,0.006,0.021,15,8
111121,2018070309,0.003,0.4,0.007,0.021,19,11
111121,2018070310,0.003,0.5,0.011,0.021,18,10
111121,2018070311,0.003,0.6,0.014,0.026,16,8
111121,2018070312,0.003,0.4,0.025,0.025,19,12
111121,2018070313,0.003,0.4,0.033,0.026,17,10
111121,2018070314,0.003,0.4,0.029,0.031,18,12
111121,2018070315,0.003,0.4,0.026,0.021,13,8
111121,2018070316,0.003,0.3,0.023,0.022,9,5
111121,2018070317,0.002,0.3,0.021,0.021,9,7
111121,2018070318,0.002,0.4,0.02,0.021,9,5
111121,2018070319,0.003,0.3,0.011,0.023,12,4
111121,2018070320,0.003,0.4,0.009,0.029,17,12
111121,2018070321,0.002,0.4,0.004,0.025,16,9
111121,2018070322,0.003,0.3,0.003,0.022,11,6
111121,2018070323,0.003,0.3,0.003,0.024,16,10
111121,2018070324,0.003,0.4,0.002,0.023,15,9
111121,2018070401,0.003,0.4,0.002,0.021,15,7
111121,2018070402,0.003,0.4,0.003,0.019,12,6
111121,2018070403,0.002,0.4,0.003,0.017,14,5
111121,2018070404,0.002,0.4,0.003,0.016,15,7
111121,2018070405,0.003,0.4,0.002,0.015,16,9
111121,2018070406,0.003,0.4,0.003,0.014,18,8
111121,2018070407,0.003,0.4,0.003,0.016,16,6
111121,2018070408,0.003,0.4,0.006,0.018,13,6
111121,2018070409,0.003,0.5,0.006,0.027,14,6
111121,2018070410,0.003,0.5,0.006,0.034,26,13
111121,2018070411,0.003,0.5,0.013,0.032,23,5
111121,2018070412,0.003,0.4,0.024,0.032,20,11
111121,2018070413,0.003,0.4,0.047,0.029,30,18
111121,2018070414,0.003,0.4,0.083,0.02,30,19
111121,2018070415,0.004,0.4,0.064,0.03,36,26
111121,2018070416,0.004,0.4,0.054,0.025,27,18
111121,2018070417,0.003,0.3,0.034,0.026,18,11
111121,2018070418,0.003,0.4,0.025,0.027,19,12
111121,2018070419,0.003,0.4,0.022,0.026,26,15
111121,2018070420,0.003,0.4,0.02,0.03,24,14
111121,2018070421,0.003,0.4,0.014,0.035,18,9
111121,2018070422,0.003,0.4,0.016,0.034,19,13
111121,2018070423,0.003,0.4,0.021,0.029,17,13
111121,2018070424,0.003,0.4,0.023,0.025,15,10
111121,2018070501,0.003,0.4,0.022,0.024,18,11
111121,2018070502,0.003,0.4,0.026,0.018,21,14
111121,2018070503,0.003,0.3,0.032,0.013,25,16
111121,2018070504,0.003,0.3,0.035,0.012,23,16
111121,2018070505,0.003,0.4,0.033,0.012,24,18
111121,2018070506,0.003,0.4,0.034,0.013,25,17
111121,2018070507,0.003,0.4,0.018,0.022,28,20
111121,2018070508,0.003,0.6,0.004,0.037,38,27
111121,2018070509,0.003,0.6,0.007,0.034,36,27
111121,2018070510,0.002,0.6,0.015,0.03,27,20
111121,2018070511,0.003,0.6,0.011,0.03,24,15
111121,2018070512,0.003,0.5,0.012,0.026,21,14
111121,2018070513,0.003,0.5,0.018,0.022,12,12
111121,2018070514,0.002,0.4,0.028,0.024,20,14
111121,2018070515,0.003,0.4,0.028,0.024,25,22
111121,2018070516,0.003,0.4,0.02,0.029,20,14
111121,2018070517,0.003,0.4,0.02,0.028,15,12
111121,2018070518,0.003,0.4,0.013,0.029,14,9
111121,2018070519,0.003,0.4,0.009,0.023,11,9
111121,2018070520,0.003,0.5,0.005,0.026,14,9
111121,2018070521,0.002,0.4,0.007,0.021,12,6
111121,2018070522,0.003,0.3,0.008,0.017,8,4
111121,2018070523,0.003,0.4,0.007,0.019,6,4
111121,2018070524,0.003,0.3,0.009,0.018,6,3
111121,2018070601,0.002,0.3,0.017,0.01,5,2
111121,2018070602,0.002,0.3,0.019,0.009,4,2
111121,2018070603,0.002,0.3,0.021,0.008,3,2
111121,2018070604,0.002,0.2,0.021,0.008,3,1
111121,2018070605,0.002,0.2,0.018,0.01,3,1
111121,2018070606,0.002,0.2,0.014,0.014,3,1
111121,2018070607,0.002,0.3,0.009,0.02,3,1
111121,2018070608,0.002,0.3,0.009,0.022,5,1
111121,2018070609,0.002,0.3,0.011,0.019,6,2
111121,2018070610,0.002,0.4,0.011,0.021,8,2
111121,2018070611,0.002,0.5,0.012,0.021,11,1
111121,2018070612,0.002,0.3,0.018,0.015,10,2
111121,2018070613,0.003,0.4,0.02,0.018,10,4
111121,2018070614,0.003,0.3,0.021,0.015,7,3
111121,2018070615,0.002,0.3,0.022,0.018,7,5
111121,2018070616,0.002,0.3,0.02,0.02,6,3
111121,2018070617,0.003,0.3,0.02,0.02,7,2
111121,2018070618,0.002,0.4,0.014,0.026,7,3
111121,2018070619,0.003,0.4,0.013,0.022,7,3
111121,2018070620,0.003,0.3,0.012,0.026,10,6
111121,2018070621,0.002,0.3,0.015,0.021,11,7
111121,2018070622,0.002,0.3,0.015,0.022,6,3
111121,2018070623,0.002,0.3,0.017,0.02,7,4
111121,2018070624,0.002,0.3,0.017,0.02,5,2
111121,2018070701,0.002,0.3,0.022,0.013,7,4
111121,2018070702,0.002,0.2,0.026,0.009,5,1
111121,2018070703,0.002,0.2,0.027,0.009,12,1
111121,2018070704,0.002,0.2,0.028,0.008,4,1
111121,2018070705,0.002,0.2,0.026,0.008,3,1
111121,2018070706,0.002,0.2,0.021,0.012,3,1
111121,2018070707,0.002,0.2,0.021,0.015,3,2
111121,2018070708,0.002,0.2,0.02,0.015,4,1
111121,2018070709,0.002,0.3,0.022,0.015,7,1
111121,2018070710,0.003,0.3,0.024,0.014,5,1
111121,2018070711,0.002,0.3,0.029,0.013,6,1
111121,2018070712,0.002,0.3,0.033,0.014,7,2
111121,2018070713,0.002,0.3,0.034,0.018,8,3
111121,2018070714,0.002,0.3,0.036,0.019,8,5
111121,2018070715,0.003,0.3,0.036,0.02,10,7
111121,2018070716,0.003,0.3,0.037,0.02,9,5
111121,2018070717,0.003,0.3,0.04,0.017,9,3
111121,2018070718,0.003,0.3,0.032,0.022,10,5
111121,2018070719,0.003,0.3,0.023,0.022,11,5
111121,2018070720,0.003,0.3,0.015,0.026,13,8
111121,2018070721,0.002,0.3,0.016,0.02,12,8
111121,2018070722,0.002,0.3,0.014,0.021,12,5
111121,2018070723,0.002,0.3,0.015,0.021,11,6
111121,2018070724,0.002,0.3,0.02,0.015,11,5
111121,2018070801,0.002,0.3,0.026,0.01,11,4
111121,2018070802,0.002,0.2,0.028,0.009,8,4
111121,2018070803,0.002,0.2,0.029,0.007,8,3
111121,2018070804,0.002,0.2,0.028,0.009,8,3
111121,2018070805,0.002,0.2,0.026,0.009,7,3
111121,2018070806,0.002,0.2,0.022,0.013,9,4
111121,2018070807,0.002,0.2,0.019,0.015,9,3
111121,2018070808,0.002,0.3,0.018,0.017,8,3
111121,2018070809,0.002,0.2,0.022,0.015,9,4
111121,2018070810,0.002,0.3,0.023,0.015,9,2
111121,2018070811,0.002,0.3,0.026,0.015,11,4
111121,2018070812,0.003,0.3,0.033,0.015,11,6
111121,2018070813,0.003,0.3,0.038,0.014,12,4
111121,2018070814,0.003,0.3,0.042,0.016,11,6
111121,2018070815,0.003,0.3,0.045,0.017,11,10
111121,2018070816,0.003,0.3,0.045,0.019,12,6
111121,2018070817,0.003,0.3,0.043,0.022,12,7
111121,2018070818,0.002,0.3,0.037,0.022,13,7
111121,2018070819,0.002,0.3,0.038,0.025,14,8
111121,2018070820,0.003,0.4,0.039,0.03,15,9
111121,2018070821,0.003,0.4,0.04,0.028,15,10
111121,2018070822,0.003,0.4,0.022,0.035,16,9
111121,2018070823,0.003,0.4,0.019,0.033,17,8
111121,2018070824,0.002,0.3,0.016,0.022,11,6
111121,2018070901,0.002,0.3,0.016,0.017,7,2
111121,2018070902,0.002,0.2,0.018,0.009,9,6
111121,2018070903,0.002,0.2,0.019,0.007,8,3
111121,2018070904,0.002,0.2,0.021,0.006,8,4
111121,2018070905,0.002,0.2,0.017,0.009,6,4
111121,2018070906,0.002,0.2,0.015,0.012,8,4
111121,2018070907,0.002,0.3,0.008,0.02,7,4
111121,2018070908,0.002,0.3,0.009,0.02,8,4
111121,2018070909,0.002,0.4,0.008,0.021,9,3
111121,2018070910,0.002,0.4,0.008,0.021,10,4
111121,2018070911,0.002,0.4,0.007,0.022,11,5
111121,2018070912,0.002,0.4,0.008,0.021,11,5
111121,2018070913,0.002,0.4,0.008,0.022,15,6
111121,2018070914,0.002,0.3,0.006,0.024,15,6
111121,2018070915,0.002,0.4,0.007,0.021,10,5
111121,2018070916,0.003,0.4,0.006,0.022,9,4
111121,2018070917,0.002,0.4,0.006,0.021,9,6
111121,2018070918,0.002,0.4,0.005,0.021,8,4
111121,2018070919,0.002,0.4,0.004,0.021,10,5
111121,2018070920,0.003,0.4,0.002,0.022,11,8
111121,2018070921,0.002,0.4,0.002,0.022,11,7
111121,2018070922,0.002,0.4,0.002,0.022,9,5
111121,2018070923,0.002,0.4,0.002,0.021,8,4
111121,2018070924,0.002,0.4,0.002,0.022,8,4
111121,2018071001,0.002,0.4,0.002,0.02,7,4
111121,2018071002,0.002,0.4,0.002,0.02,6,3
111121,2018071003,0.002,0.3,0.003,0.018,3,4
111121,2018071004,0.002,0.3,0.005,0.015,4,2
111121,2018071005,0.002,0.4,0.004,0.014,5,3
111121,2018071006,0.002,0.3,0.002,0.017,5,2
111121,2018071007,0.003,0.5,0.002,0.021,8,5
111121,2018071008,0.003,0.4,0.003,0.019,9,4
111121,2018071009,0.003,0.5,0.002,0.022,11,5
111121,2018071010,0.003,0.7,0.003,0.023,16,7
111121,2018071011,0.003,0.7,0.003,0.024,19,9
111121,2018071012,0.003,0.6,0.003,0.023,19,8
111121,2018071013,0.003,0.7,0.004,0.029,22,12
111121,2018071014,0.004,0.7,0.004,0.033,26,14
111121,2018071015,0.003,0.6,0.005,0.038,30,15
111121,2018071016,0.003,0.5,0.007,0.038,31,17
111121,2018071017,0.003,0.6,0.006,0.045,36,20
111121,2018071018,0.003,0.6,0.006,0.047,45,20
111121,2018071019,0.003,0.7,0.004,0.049,36,21
111121,2018071020,0.003,0.9,0.003,0.05,46,28
111121,2018071021,0.003,0.8,0.002,0.05,50,32
111121,2018071022,0.003,0.7,0.002,0.048,46,29
111121,2018071023,0.003,0.7,0.002,0.046,46,28
111121,2018071024,0.003,0.7,0.002,0.044,48,30
111121,2018071101,0.003,0.7,0.002,0.04,49,28
111121,2018071102,0.003,0.8,0.002,0.037,45,28
111121,2018071103,0.003,0.7,0.002,0.032,44,27
111121,2018071104,0.002,0.6,0.002,0.028,39,24
111121,2018071105,0.003,0.6,0.002,0.027,39,24
111121,2018071106,0.003,0.6,0.002,0.023,38,23
111121,2018071107,0.003,0.7,0.002,0.026,38,24
111121,2018071108,0.003,0.8,0.002,0.029,40,25
111121,2018071109,0.004,0.9,0.002,0.032,42,26
111121,2018071110,0.003,0.8,0.002,0.028,39,22
111121,2018071111,0.004,0.7,0.003,0.031,43,19
111121,2018071112,0.004,0.5,0.007,0.027,37,18
111121,2018071113,0.005,0.4,0.018,0.025,39,24
111121,2018071114,0.004,0.3,0.02,0.019,37,21
111121,2018071115,0.004,0.3,0.019,0.02,33,16
111121,2018071116,0.004,0.3,0.018,0.019,34,18
111121,2018071117,0.004,0.3,0.016,0.021,33,13
111121,2018071118,0.004,0.3,0.009,0.02,32,16
111121,2018071119,0.004,0.3,0.003,0.02,32,19
111121,2018071120,0.004,0.3,0.002,0.018,28,13
111121,2018071121,0.004,0.3,0.002,0.02,32,13
111121,2018071122,0.003,0.3,0.002,0.02,31,13
111121,2018071123,0.005,0.3,0.002,0.022,30,10
111121,2018071124,0.005,0.4,0.002,0.022,30,13
111121,2018071201,0.004,0.3,0.002,0.018,31,11
111121,2018071202,0.004,0.4,0.002,0.017,32,13
111121,2018071203,0.003,0.6,0.002,0.017,35,16
111121,2018071204,0.003,0.5,0.002,0.017,33,14
111121,2018071205,0.003,0.4,0.002,0.019,36,14
111121,2018071206,0.004,0.4,0.002,0.02,39,17
111121,2018071207,0.003,0.5,0.003,0.02,37,15
111121,2018071208,0.004,0.3,0.003,0.023,40,19
111121,2018071209,0.004,0.3,0.003,0.021,42,24
111121,2018071210,0.004,0.3,0.005,0.018,46,26
111121,2018071211,0.004,0.3,0.006,0.019,47,30
111121,2018071212,0.004,0.4,0.008,0.017,36,21
111121,2018071213,0.004,0.4,0.01,0.018,34,19
111121,2018071214,0.004,0.3,0.014,0.017,33,21
111121,2018071215,0.004,0.3,0.011,0.019,28,20
111121,2018071216,0.004,0.3,0.01,0.017,25,17
111121,2018071217,0.004,0.3,0.008,0.019,23,13
111121,2018071218,0.003,0.2,0.006,0.019,23,14
111121,2018071219,0.004,0.3,0.005,0.02,23,10
111121,2018071220,0.003,0.2,0.004,0.021,21,12
111121,2018071221,0.004,0.3,0.002,0.022,21,14
111121,2018071222,0.004,0.3,0.002,0.021,19,11
111121,2018071223,0.004,0.3,0.002,0.021,21,12
111121,2018071224,0.004,0.3,0.002,0.019,20,10
111121,2018071301,0.005,0.3,0.002,0.018,19,8
111121,2018071302,0.005,0.3,0.002,0.02,20,11
111121,2018071303,0.005,0.3,0.002,0.016,21,15
111121,2018071304,0.004,0.2,0.003,0.014,24,16
111121,2018071305,0.004,0.2,0.005,0.011,23,15
111121,2018071306,0.004,0.2,0.004,0.012,21,14
111121,2018071307,0.003,0.2,0.003,0.013,21,13
111121,2018071308,0.003,0.3,0.003,0.014,22,13
111121,2018071309,0.003,0.3,0.004,0.016,25,13
111121,2018071310,0.003,0.4,0.005,0.019,24,13
111121,2018071311,0.003,0.4,0.007,0.019,27,15
111121,2018071312,0.003,0.3,0.012,0.016,23,14
111121,2018071313,0.003,0.3,0.016,0.014,24,16
111121,2018071314,0.003,0.3,0.017,0.014,14,9
111121,2018071315,0.003,0.3,0.024,0.015,17,10
111121,2018071316,0.004,0.3,0.034,0.017,17,11
111121,2018071317,,,,,,
111121,2018071318,,,,,,
111121,2018071319,0.004,0.3,0.037,0.023,19,14
111121,2018071320,0.005,0.3,0.031,0.029,28,18
111121,2018071321,0.005,0.3,0.013,0.031,32,17
111121,2018071322,0.006,0.3,0.007,0.029,24,14
111121,2018071323,0.007,0.3,0.003,0.032,23,13
111121,2018071324,0.005,0.4,0.002,0.032,26,15
111121,2018071401,0.005,0.4,0.002,0.029,25,16
111121,2018071402,0.005,0.4,0.002,0.025,22,12
111121,2018071403,0.005,0.3,0.002,0.021,21,13
111121,2018071404,0.005,0.3,0.003,0.017,19,11
111121,2018071405,0.005,0.3,0.005,0.015,24,14
111121,2018071406,0.004,0.3,0.003,0.017,25,16
111121,2018071407,0.003,0.3,0.005,0.016,22,14
111121,2018071408,0.003,0.3,0.006,0.018,21,13
111121,2018071409,0.003,0.2,0.009,0.013,21,14
111121,2018071410,0.004,0.2,0.01,0.014,18,11
111121,2018071411,0.004,0.3,0.013,0.015,20,13
111121,2018071412,0.003,0.3,0.023,0.016,20,14
111121,2018071413,0.004,0.3,0.035,0.017,26,18
111121,2018071414,0.004,0.2,0.041,0.019,22,15
111121,2018071415,0.004,0.2,0.039,0.015,25,18
111121,2018071416,0.004,0.3,0.038,0.015,18,12
111121,2018071417,0.003,0.2,0.028,0.014,14,8
111121,2018071418,0.003,0.2,0.021,0.019,18,11
111121,2018071419,0.003,0.3,0.013,0.025,18,8
111121,2018071420,0.003,0.3,0.009,0.023,17,11
111121,2018071421,0.004,0.3,0.007,0.024,16,9
111121,2018071422,0.005,0.3,0.005,0.026,15,9
111121,2018071423,0.006,0.3,0.003,0.03,18,12
111121,2018071424,0.005,0.3,0.003,0.029,25,16
111121,2018071501,0.005,0.3,0.003,0.021,23,13
111121,2018071502,0.005,0.3,0.004,0.018,24,14
111121,2018071503,0.004,0.3,0.006,0.016,23,15
111121,2018071504,0.004,0.3,0.007,0.015,24,14
111121,2018071505,0.004,0.3,0.005,0.016,23,13
111121,2018071506,0.004,0.3,0.005,0.017,21,13
111121,2018071507,0.004,0.3,0.007,0.013,18,13
111121,2018071508,0.003,0.2,0.01,0.011,19,13
111121,2018071509,0.003,0.2,0.011,0.012,20,11
111121,2018071510,0.003,0.3,0.013,0.013,19,13
111121,2018071511,0.003,0.3,0.021,0.01,21,19
111121,2018071512,0.003,0.3,0.028,0.012,24,18
111121,2018071513,0.003,0.2,0.041,0.015,20,13
111121,2018071514,0.003,0.3,0.056,0.012,20,15
111121,2018071515,0.004,0.2,0.063,0.01,22,18
111121,2018071516,0.004,0.2,0.078,0.011,27,21
111121,2018071517,0.005,0.3,0.059,0.012,27,24
111121,2018071518,0.006,0.3,0.06,0.011,25,20
111121,2018071519,0.005,0.3,0.053,0.012,29,22
111121,2018071520,0.004,0.2,0.037,0.014,30,22
111121,2018071521,0.003,0.2,0.022,0.014,25,15
111121,2018071522,0.003,0.2,0.019,0.014,20,13
111121,2018071523,0.002,0.2,0.01,0.019,20,16
111121,2018071524,0.002,0.3,0.006,0.021,21,14
111121,2018071601,0.003,0.2,0.009,0.016,20,15
111121,2018071602,0.003,0.2,0.013,0.012,21,14
111121,2018071603,0.002,0.2,0.013,0.011,22,13
111121,2018071604,0.002,0.2,0.01,0.013,20,14
111121,2018071605,0.003,0.2,0.006,0.015,20,15
111121,2018071606,0.002,0.3,0.006,0.017,20,13
111121,2018071607,0.002,0.4,0.003,0.02,18,13
111121,2018071608,0.003,0.4,0.006,0.023,20,12
111121,2018071609,0.003,0.5,0.007,0.029,25,14
111121,2018071610,0.003,0.4,0.01,0.026,17,9
111121,2018071611,0.003,0.4,0.014,0.025,14,8
111121,2018071612,0.004,0.3,0.028,0.031,20,12
111121,2018071613,0.005,0.3,0.049,0.028,27,18
111121,2018071614,0.006,0.3,0.07,0.026,40,27
111121,2018071615,0.005,0.3,0.053,0.016,32,23
111121,2018071616,0.006,0.3,0.044,0.017,28,18
111121,2018071617,0.009,0.3,0.061,0.02,29,22
111121,2018071618,0.008,0.4,0.065,0.021,33,24
111121,2018071619,0.008,0.3,0.057,0.024,32,25
111121,2018071620,0.005,0.3,0.026,0.027,27,20
111121,2018071621,0.006,0.3,0.006,0.025,18,16
111121,2018071622,0.005,0.3,0.002,0.023,18,12
111121,2018071623,0.004,0.3,0.003,0.025,18,11
111121,2018071624,0.003,0.3,0.006,0.021,18,11
111121,2018071701,0.003,0.3,0.005,0.021,18,9
111121,2018071702,0.003,0.3,0.002,0.022,16,11
111121,2018071703,0.003,0.3,0.003,0.017,16,12
111121,2018071704,0.003,0.3,0.003,0.017,17,11
111121,2018071705,0.003,0.2,0.003,0.016,20,12
111121,2018071706,0.003,0.3,0.002,0.017,20,13
111121,2018071707,0.004,0.4,0.004,0.019,27,19
111121,2018071708,0.005,0.3,0.007,0.021,36,25
111121,2018071709,0.006,0.4,0.008,0.027,34,22
111121,2018071710,0.007,0.4,0.013,0.026,22,15
111121,2018071711,0.007,0.4,0.023,0.029,27,17
111121,2018071712,0.005,0.4,0.026,0.036,36,25
111121,2018071713,0.006,0.4,0.058,0.032,45,32
111121,2018071714,0.007,0.3,0.065,0.02,41,32
111121,2018071715,0.007,0.3,0.039,0.015,37,32
111121,2018071716,0.006,0.2,0.031,0.015,35,28
111121,2018071717,0.005,0.2,0.02,0.012,,29
111121,2018071718,0.004,0.2,0.02,0.012,26,22
111121,2018071719,0.004,0.2,0.022,0.015,26,19
111121,2018071720,0.004,0.2,0.013,0.02,26,20
111121,2018071721,0.005,0.2,0.005,0.023,25,20
111121,2018071722,0.008,0.2,0.003,0.021,28,21
111121,2018071723,0.005,0.2,0.002,0.02,28,24
111121,2018071724,0.003,0.3,0.002,0.022,29,22
111121,2018071801,0.003,0.3,0.002,0.02,32,23
111121,2018071802,0.003,0.3,0.002,0.017,30,24
111121,2018071803,0.003,0.3,0.002,0.016,31,27
111121,2018071804,0.002,0.3,0.002,0.014,30,24
111121,2018071805,0.003,0.3,0.002,0.014,30,26
111121,2018071806,0.004,0.3,0.002,0.015,30,24
111121,2018071807,0.003,0.3,0.003,0.017,30,24
111121,2018071808,0.003,0.4,0.004,0.024,31,22
111121,2018071809,0.003,0.5,0.006,0.03,36,24
111121,2018071810,0.004,0.4,0.01,0.032,31,23
111121,2018071811,0.003,0.3,0.017,0.024,30,28
111121,2018071812,0.004,0.3,0.026,0.028,31,23
111121,2018071813,0.004,0.4,0.041,0.032,34,24
111121,2018071814,0.005,0.4,0.079,0.035,48,36
111121,2018071815,0.007,0.4,0.089,0.025,52,39
111121,2018071816,0.007,0.4,0.058,0.022,38,29
111121,2018071817,0.008,0.3,0.052,0.021,29,25
111121,2018071818,0.007,0.3,0.05,0.023,35,27
111121,2018071819,0.008,0.3,0.042,0.023,36,29
111121,2018071820,0.004,0.2,0.033,0.019,32,24
111121,2018071821,0.003,0.3,0.016,0.021,31,26
111121,2018071822,0.003,0.3,0.007,0.026,28,21
111121,2018071823,0.003,0.2,0.007,0.019,30,21
111121,2018071824,0.003,0.2,0.007,0.017,25,20
111121,2018071901,0.003,0.3,0.003,0.02,25,20
111121,2018071902,0.003,0.3,0.003,0.019,25,19
111121,2018071903,0.002,0.3,0.007,0.011,30,24
111121,2018071904,0.003,0.2,0.009,0.01,34,27
111121,2018071905,0.002,0.3,0.005,0.013,36,28
111121,2018071906,0.002,0.3,0.002,0.015,28,23
111121,2018071907,0.003,0.4,0.003,0.018,26,22
111121,2018071908,0.003,0.4,0.006,0.023,31,23
111121,2018071909,0.003,0.4,0.008,0.03,32,23
111121,2018071910,0.004,0.4,0.011,0.032,26,19
111121,2018071911,0.004,0.3,0.016,0.027,25,18
111121,2018071912,0.004,0.3,0.021,0.019,21,13
111121,2018071913,0.003,0.2,0.034,0.013,20,11
111121,2018071914,0.004,0.3,0.065,0.01,27,19
111121,2018071915,0.003,0.3,0.062,0.011,26,19
111121,2018071916,0.003,0.3,0.059,0.012,20,14
111121,2018071917,0.003,0.2,0.055,0.014,21,16
111121,2018071918,0.003,0.3,0.062,0.016,25,19
111121,2018071919,0.003,0.3,0.061,0.016,31,21
111121,2018071920,0.003,0.3,0.035,0.02,31,21
111121,2018071921,0.003,0.3,0.019,0.019,24,15
111121,2018071922,0.003,0.3,0.014,0.017,23,15
111121,2018071923,0.002,0.2,0.012,0.014,26,17
111121,2018071924,0.002,0.3,0.004,0.02,21,15
111121,2018072001,0.003,0.3,0.005,0.018,23,17
111121,2018072002,0.002,0.3,0.006,0.016,22,16
111121,2018072003,0.002,0.3,0.003,0.019,23,16
111121,2018072004,0.002,0.4,0.004,0.02,23,16
111121,2018072005,0.002,0.4,0.003,0.021,24,14
111121,2018072006,0.002,0.4,0.002,0.022,25,19
111121,2018072007,0.002,0.5,0.004,0.023,25,22
111121,2018072008,0.003,0.5,0.005,0.026,30,21
111121,2018072009,0.003,0.4,0.009,0.032,36,23
111121,2018072010,0.004,0.4,0.016,0.036,36,22
111121,2018072011,0.003,0.4,0.03,0.037,38,23
111121,2018072012,0.004,0.4,0.052,0.036,41,26
111121,2018072013,0.004,0.4,0.086,0.032,55,37
111121,2018072014,0.005,0.4,0.126,0.025,61,44
111121,2018072015,0.006,0.4,0.137,0.025,64,46
111121,2018072016,0.006,0.4,0.114,0.024,50,39
111121,2018072017,0.007,0.4,0.089,0.024,41,32
111121,2018072018,0.007,0.4,0.059,0.027,34,25
111121,2018072019,0.006,0.3,0.042,0.031,29,18
111121,2018072020,0.007,0.3,0.028,0.041,30,19
111121,2018072021,0.007,0.3,0.013,0.043,28,18
111121,2018072022,0.004,0.3,0.007,0.036,26,14
111121,2018072023,0.003,0.4,0.01,0.03,25,12
111121,2018072024,0.003,0.4,0.004,0.035,24,15
111121,2018072101,0.003,0.5,0.003,0.039,23,16
111121,2018072102,0.003,0.6,0.003,0.037,23,15
111121,2018072103,0.003,0.5,0.002,0.036,22,12
111121,2018072104,0.003,0.5,0.003,0.035,24,17
111121,2018072105,0.003,0.5,0.003,0.033,28,19
111121,2018072106,0.003,0.5,0.003,0.032,27,19
111121,2018072107,0.004,0.5,0.004,0.034,28,19
111121,2018072108,0.003,0.5,0.007,0.04,34,22
111121,2018072109,0.004,0.5,0.016,0.048,42,29
111121,2018072110,0.004,0.5,0.04,0.04,38,24
111121,2018072111,0.006,0.6,0.061,0.041,44,30
111121,2018072112,0.007,0.5,0.065,0.035,42,30
111121,2018072113,0.006,0.5,0.081,0.032,41,30
111121,2018072114,0.006,0.4,0.11,0.025,45,31
111121,2018072115,0.005,0.4,0.167,0.023,51,34
111121,2018072116,0.006,0.4,0.167,0.018,58,44
111121,2018072117,0.005,0.3,0.128,0.016,50,35
111121,2018072118,0.01,0.3,0.089,0.021,56,33
111121,2018072119,0.005,0.3,0.05,0.023,49,18
111121,2018072120,0.004,0.3,0.037,0.022,28,18
111121,2018072121,0.004,0.3,0.022,0.025,23,14
111121,2018072122,0.005,0.3,0.008,0.032,17,10
111121,2018072123,0.003,0.3,0.008,0.03,19,12
111121,2018072124,0.003,0.3,0.009,0.028,14,10
111121,2018072201,0.002,0.4,0.003,0.037,14,7
111121,2018072202,0.003,0.4,0.005,0.033,17,11
111121,2018072203,0.003,0.5,0.005,0.031,17,14
111121,2018072204,0.003,0.4,0.009,0.024,18,12
111121,2018072205,0.003,0.4,0.012,0.018,21,12
111121,2018072206,0.003,0.4,0.005,0.024,21,13
111121,2018072207,0.003,0.4,0.006,0.026,21,13
111121,2018072208,0.003,0.4,0.019,0.022,24,15
111121,2018072209,0.003,0.4,0.031,0.025,24,13
111121,2018072210,0.003,0.4,0.046,0.024,25,16
111121,2018072211,0.003,0.4,0.069,0.019,28,15
111121,2018072212,0.003,0.4,0.089,0.026,30,18
111121,2018072213,0.003,0.3,0.103,0.015,32,20
111121,2018072214,0.003,0.3,0.092,0.01,40,19
111121,2018072215,0.003,0.3,0.081,0.013,33,18
111121,2018072216,0.003,0.3,0.093,0.01,34,20
111121,2018072217,0.003,0.3,0.1,0.01,32,22
111121,2018072218,0.003,0.3,0.092,0.013,33,26
111121,2018072219,0.004,0.3,0.064,0.015,35,25
111121,2018072220,0.003,0.3,0.055,0.013,39,27
111121,2018072221,0.003,0.3,0.036,0.019,33,23
111121,2018072222,0.003,0.4,0.021,0.026,30,20
111121,2018072223,0.002,0.3,0.015,0.03,29,24
111121,2018072224,0.003,0.3,0.022,0.021,31,24
111121,2018072301,0.004,0.3,0.014,0.03,29,25
111121,2018072302,0.005,0.4,0.019,0.031,33,26
111121,2018072303,0.011,0.4,0.035,0.025,36,24
111121,2018072304,0.013,0.4,0.033,0.02,32,24
111121,2018072305,0.009,0.4,0.03,0.02,33,23
111121,2018072306,0.005,0.3,0.011,0.015,24,17
111121,2018072307,0.006,0.3,0.007,0.019,15,10
111121,2018072308,0.005,0.3,0.005,0.023,21,10
111121,2018072309,0.005,0.4,0.007,0.024,23,10
111121,2018072310,0.005,0.4,0.011,0.026,28,13
111121,2018072311,0.005,0.4,0.021,0.02,29,14
111121,2018072312,0.005,0.4,0.027,0.022,24,12
111121,2018072313,0.006,0.5,0.032,0.034,25,13
111121,2018072314,0.006,0.4,0.067,0.024,35,21
111121,2018072315,0.006,0.4,0.099,0.019,39,25
111121,2018072316,0.005,0.3,0.118,0.017,43,28
111121,2018072317,0.004,0.3,0.113,0.015,47,30
111121,2018072318,0.003,0.3,0.085,0.014,42,28
111121,2018072319,0.003,0.3,0.069,0.016,40,26
111121,2018072320,0.003,0.3,0.046,0.02,36,24
111121,2018072321,0.003,0.2,0.032,0.016,27,17
111121,2018072322,0.004,0.2,0.04,0.012,23,14
111121,2018072323,0.003,0.2,0.046,0.013,25,14
111121,2018072324,0.003,0.3,0.041,0.014,24,16
111121,2018072401,0.003,0.3,0.029,0.021,21,14
111121,2018072402,0.003,0.3,0.023,0.021,24,16
111121,2018072403,0.003,0.4,0.022,0.02,23,19
111121,2018072404,0.003,0.3,0.021,0.021,26,19
111121,2018072405,0.003,0.3,0.02,0.02,25,22
111121,2018072406,0.003,0.4,0.01,0.031,26,18
111121,2018072407,0.003,0.5,0.007,0.031,26,17
111121,2018072408,0.003,0.4,0.011,0.032,28,18
111121,2018072409,0.003,0.4,0.02,0.028,31,20
111121,2018072410,0.003,0.6,0.039,0.039,30,19
111121,2018072411,0.003,0.5,0.056,0.03,29,18
111121,2018072412,0.003,0.4,0.066,0.027,26,18
111121,2018072413,0.003,0.4,0.084,0.037,30,22
111121,2018072414,0.003,0.4,0.125,0.026,37,24
111121,2018072415,0.005,0.4,0.175,0.025,62,43
111121,2018072416,0.004,0.4,0.173,0.024,70,55
111121,2018072417,0.004,0.4,0.161,0.024,68,54
111121,2018072418,0.004,0.4,0.148,0.022,68,50
111121,2018072419,0.007,0.4,0.095,0.032,63,48
111121,2018072420,0.006,0.4,0.066,0.039,52,37
111121,2018072421,0.012,0.4,0.07,0.027,49,34
111121,2018072422,0.01,0.4,0.048,0.028,45,33
111121,2018072423,0.008,0.4,0.036,0.025,41,31
111121,2018072424,0.012,0.3,0.027,0.019,30,20
111121,2018072501,0.01,0.3,0.011,0.022,22,15
111121,2018072502,0.006,0.3,0.011,0.019,19,12
111121,2018072503,0.006,0.3,0.019,0.016,18,11
111121,2018072504,0.005,0.2,0.026,0.01,26,15
111121,2018072505,0.003,0.3,0.028,0.01,33,17
111121,2018072506,0.004,0.3,0.021,0.015,37,23
111121,2018072507,0.005,0.4,0.009,0.025,38,24
111121,2018072508,0.004,0.4,0.009,0.03,36,22
111121,2018072509,0.004,0.4,0.012,0.033,27,21
111121,2018072510,0.004,0.5,0.019,0.027,31,18
111121,2018072511,0.003,0.4,0.026,0.026,29,21
111121,2018072512,0.004,0.5,0.024,0.033,35,23
111121,2018072513,0.004,0.4,0.033,0.03,35,23
111121,2018072514,0.004,0.4,0.046,0.031,34,23
111121,2018072515,0.004,0.4,0.048,0.033,40,25
111121,2018072516,0.004,0.4,0.05,0.023,36,22
111121,2018072517,0.004,0.4,0.044,0.032,39,24
111121,2018072518,0.004,0.4,0.039,0.029,40,27
111121,2018072519,0.004,0.4,0.033,0.029,38,26
111121,2018072520,0.004,0.4,0.029,0.024,34,21
111121,2018072521,0.004,0.4,0.02,0.03,36,21
111121,2018072522,0.005,0.4,0.015,0.028,45,25
111121,2018072523,0.005,0.3,0.016,0.017,42,24
111121,2018072524,0.005,0.3,0.014,0.018,36,21
111121,2018072601,0.006,0.3,0.005,0.027,37,23
111121,2018072602,0.005,0.3,0.007,0.024,37,22
111121,2018072603,0.004,0.3,0.013,0.015,30,22
111121,2018072604,0.004,0.3,0.016,0.012,28,18
111121,2018072605,0.003,0.3,0.012,0.017,29,17
111121,2018072606,0.005,0.4,0.008,0.021,37,20
111121,2018072607,0.004,0.4,0.007,0.024,43,27
111121,2018072608,0.004,0.4,0.01,0.024,39,24
111121,2018072609,0.004,0.5,0.012,0.028,39,24
111121,2018072610,0.004,0.5,0.012,0.031,39,23
111121,2018072611,0.004,0.4,0.019,0.028,42,26
111121,2018072612,0.004,0.4,0.032,0.024,40,25
111121,2018072613,0.003,0.3,0.049,0.022,39,27
111121,2018072614,0.003,0.4,0.067,0.026,39,28
111121,2018072615,0.003,0.4,0.075,0.034,45,33
111121,2018072616,0.004,0.4,0.079,0.028,55,37
111121,2018072617,0.004,0.4,0.071,0.025,51,33
111121,2018072618,0.004,0.4,0.065,0.024,51,34
111121,2018072619,0.005,0.4,0.058,0.025,52,34
111121,2018072620,0.006,0.4,0.041,0.032,52,33
111121,2018072621,0.005,0.4,0.023,0.031,51,32
111121,2018072622,0.003,0.4,0.014,0.026,52,29
111121,2018072623,0.003,0.4,0.013,0.023,54,31
111121,2018072624,0.003,0.3,0.013,0.021,50,32
111121,2018072701,0.003,0.3,0.02,0.014,50,31
111121,2018072702,0.002,0.3,0.024,0.011,41,28
111121,2018072703,0.003,0.3,0.024,0.011,41,31
111121,2018072704,0.003,0.3,0.022,0.009,47,31
111121,2018072705,0.003,0.3,0.018,0.01,55,33
111121,2018072706,0.003,0.4,0.015,0.013,50,33
111121,2018072707,0.003,0.4,0.008,0.021,48,35
111121,2018072708,0.003,0.4,0.008,0.028,51,34
111121,2018072709,0.003,0.4,0.01,0.03,62,33
111121,2018072710,0.003,0.4,0.019,0.029,58,36
111121,2018072711,0.004,0.4,0.031,0.026,51,31
111121,2018072712,0.004,0.4,0.035,0.033,50,31
111121,2018072713,0.004,0.4,0.062,0.029,44,29
111121,2018072714,0.004,0.4,0.09,0.032,59,41
111121,2018072715,0.004,0.4,0.125,0.026,75,50
111121,2018072716,0.004,0.4,0.126,0.02,68,47
111121,2018072717,0.004,0.3,0.099,0.018,67,48
111121,2018072718,0.004,0.3,0.067,0.019,53,37
111121,2018072719,0.004,0.3,0.04,0.023,49,35
111121,2018072720,0.004,0.4,0.02,0.026,48,31
111121,2018072721,0.003,0.3,0.01,0.03,43,27
111121,2018072722,0.003,0.3,0.014,0.022,46,28
111121,2018072723,0.003,0.3,0.015,0.021,37,26
111121,2018072724,0.003,0.3,0.014,0.02,46,29
111121,2018072801,0.002,0.3,0.012,0.019,47,27
111121,2018072802,0.003,0.4,0.008,0.021,48,31
111121,2018072803,0.002,0.4,0.005,0.024,45,29
111121,2018072804,0.003,0.3,0.005,0.024,50,35
111121,2018072805,0.003,0.4,0.004,0.021,54,33
111121,2018072806,0.002,0.4,0.003,0.021,51,36
111121,2018072807,0.003,0.3,0.005,0.02,50,36
111121,2018072808,0.003,0.4,0.007,0.022,54,37
111121,2018072809,0.003,0.4,0.006,0.03,56,36
111121,2018072810,0.003,0.3,0.01,0.037,62,42
111121,2018072811,0.003,0.3,0.024,0.039,54,37
111121,2018072812,0.003,0.3,0.05,0.031,52,35
111121,2018072813,0.003,0.3,0.083,0.021,61,42
111121,2018072814,0.003,0.2,0.101,0.016,52,36
111121,2018072815,0.003,0.3,0.04,0.04,47,34
111121,2018072816,0.003,0.3,0.036,0.041,29,21
111121,2018072817,0.003,0.2,0.026,0.04,33,23
111121,2018072818,0.002,0.3,0.013,0.052,34,23
111121,2018072819,0.003,0.3,0.008,0.057,42,32
111121,2018072820,0.002,0.4,0.003,0.059,48,33
111121,2018072821,0.003,0.3,0.004,0.049,42,34
111121,2018072822,0.003,0.3,0.005,0.036,31,23
111121,2018072823,0.003,0.3,0.003,0.035,30,19
111121,2018072824,0.003,0.3,0.004,0.03,26,18
111121,2018072901,0.003,0.2,0.007,0.024,22,19
111121,2018072902,0.003,0.2,0.011,0.016,24,18
111121,2018072903,0.003,0.2,0.014,0.012,27,19
111121,2018072904,0.003,0.2,0.014,0.01,26,19
111121,2018072905,0.003,0.2,0.015,0.009,27,17
111121,2018072906,0.003,0.2,0.015,0.011,24,18
111121,2018072907,0.003,0.2,0.012,0.016,25,14
111121,2018072908,0.003,0.2,0.015,0.016,21,15
111121,2018072909,0.003,0.2,0.022,0.014,16,15
111121,2018072910,0.003,0.2,0.031,0.012,14,10
111121,2018072911,0.003,0.2,0.04,0.012,13,9
111121,2018072912,0.003,0.2,0.041,0.012,14,10
111121,2018072913,0.003,0.2,0.043,0.012,16,13
111121,2018072914,0.002,0.2,0.046,0.009,13,9
111121,2018072915,0.002,0.2,0.044,0.014,14,10
111121,2018072916,0.003,0.2,0.038,0.02,14,9
111121,2018072917,0.003,0.2,0.038,0.022,15,10
111121,2018072918,0.003,0.2,0.034,0.024,15,10
111121,2018072919,0.002,0.2,0.029,0.027,17,12
111121,2018072920,0.002,0.2,0.029,0.023,18,13
111121,2018072921,0.003,0.2,0.029,0.016,18,13
111121,2018072922,0.003,0.2,0.023,0.02,13,7
111121,2018072923,0.002,0.2,0.02,0.016,10,8
111121,2018072924,0.002,0.2,0.017,0.013,10,6
111121,2018073001,0.002,0.2,0.018,0.009,7,5
111121,2018073002,0.002,0.2,0.018,0.007,12,5
111121,2018073003,0.002,0.2,0.019,0.007,8,4
111121,2018073004,0.002,0.2,0.02,0.008,9,6
111121,2018073005,0.002,0.2,0.02,0.009,11,4
111121,2018073006,0.002,0.2,0.014,0.015,10,6
111121,2018073007,0.002,0.2,0.009,0.02,10,3
111121,2018073008,0.003,0.2,0.013,0.017,11,5
111121,2018073009,0.003,0.2,0.014,0.016,9,7
111121,2018073010,0.003,0.2,0.018,0.017,8,4
111121,2018073011,0.003,0.2,0.024,0.019,11,5
111121,2018073012,0.002,0.2,0.031,0.019,10,4
111121,2018073013,0.002,0.3,0.036,0.021,9,6
111121,2018073014,,,,,,
111121,2018073015,,,,,,
111121,2018073016,0.003,0.3,0.041,0.025,4,1
111121,2018073017,0.003,0.4,0.044,0.026,8,5
111121,2018073018,0.002,0.4,0.035,0.03,10,8
111121,2018073019,0.003,0.4,0.026,0.037,8,7
111121,2018073020,0.002,0.4,0.016,0.04,17,13
111121,2018073021,0.003,0.4,0.01,0.039,16,11
111121,2018073022,0.003,0.4,0.008,0.035,11,7
111121,2018073023,0.003,0.3,0.011,0.027,8,5
111121,2018073024,0.002,0.3,0.009,0.028,8,5
111121,2018073101,0.002,0.4,0.01,0.024,10,4
111121,2018073102,0.002,0.3,0.014,0.02,10,6
111121,2018073103,0.003,0.4,0.017,0.019,13,7
111121,2018073104,0.003,0.3,0.02,0.017,14,8
111121,2018073105,0.003,0.3,0.016,0.019,16,9
111121,2018073106,0.003,0.3,0.009,0.026,13,9
111121,2018073107,0.003,0.4,0.006,0.03,17,7
111121,2018073108,0.003,0.4,0.011,0.028,14,7
111121,2018073109,0.003,0.4,0.016,0.027,15,10
111121,2018073110,0.003,0.5,0.018,0.03,14,6
111121,2018073111,0.003,0.5,0.023,0.033,15,6
111121,2018073112,0.003,0.4,0.043,0.022,15,6
111121,2018073113,0.003,0.3,0.059,0.018,17,11
111121,2018073114,0.003,0.3,0.076,0.017,17,11
111121,2018073115,0.003,0.3,0.091,0.014,17,13
111121,2018073116,0.003,0.4,0.1,0.021,16,9
111121,2018073117,0.003,0.3,0.107,0.012,22,15
111121,2018073118,0.002,0.3,0.098,0.013,22,17
111121,2018073119,0.003,0.3,0.089,0.012,28,21
111121,2018073120,0.003,0.3,0.075,0.011,28,20
111121,2018073121,0.003,0.3,0.06,0.01,20,16
111121,2018073122,0.002,0.3,0.044,0.013,23,14
111121,2018073123,0.003,0.3,0.042,0.016,34,19
111121,2018073124,0.002,0.5,0.031,0.022,29,20
111121,2018080101,0.003,0.6,0.024,0.026,30,18
111121,2018080102,0.003,0.6,0.023,0.023,25,18
111121,2018080103,0.003,0.5,0.014,0.027,23,17
111121,2018080104,0.002,0.4,0.024,0.021,21,16
111121,2018080105,0.003,0.4,0.021,0.023,21,18
111121,2018080106,0.003,0.4,0.014,0.029,24,17
111121,2018080107,0.003,0.4,0.007,0.037,26,22
111121,2018080108,0.003,0.5,0.014,0.038,34,22
111121,2018080109,0.003,0.5,0.025,0.037,30,22
111121,2018080110,0.003,0.5,0.042,0.03,20,13
111121,2018080111,0.003,0.4,0.074,0.023,29,10
111121,2018080112,0.003,0.4,0.109,0.023,33,16
111121,2018080113,0.003,0.5,0.123,0.03,20,19
111121,2018080114,0.003,0.4,0.133,0.016,33,22
111121,2018080115,0.003,0.4,0.122,0.015,34,23
111121,2018080116,0.003,0.4,0.118,0.012,51,21
111121,2018080117,0.003,0.3,0.102,0.012,52,21
111121,2018080118,0.003,0.4,0.082,0.014,37,23
111121,2018080119,0.003,0.4,0.051,0.021,39,24
111121,2018080120,0.002,0.4,0.039,0.019,47,29
111121,2018080121,0.002,0.4,0.035,0.017,54,34
111121,2018080122,0.002,0.4,0.039,0.012,43,30
111121,2018080123,0.002,0.5,0.024,0.024,38,26
111121,2018080124,0.002,0.5,0.024,0.021,48,33
111121,2018080201,0.002,0.4,0.026,0.017,46,33
111121,2018080202,0.002,0.4,0.022,0.017,41,27
111121,2018080203,0.002,0.5,0.014,0.025,40,25
111121,2018080204,0.003,0.4,0.017,0.026,31,22
111121,2018080205,0.003,0.4,0.021,0.022,14,14
111121,2018080206,0.003,0.4,0.011,0.029,21,15
111121,2018080207,0.003,0.4,0.006,0.035,18,12
111121,2018080208,0.003,0.5,0.013,0.035,18,13
111121,2018080209,0.004,0.5,0.027,0.031,23,15
111121,2018080210,0.005,0.6,0.034,0.037,25,16
111121,2018080211,0.005,0.6,0.043,0.04,26,16
111121,2018080212,0.005,0.6,0.067,0.035,29,20
111121,2018080213,0.004,0.6,0.093,0.033,30,24
111121,2018080214,0.005,0.5,0.126,0.02,39,30
111121,2018080215,0.005,0.5,0.147,0.023,42,31
111121,2018080216,0.005,0.5,0.163,0.02,49,39
111121,2018080217,0.005,0.4,0.147,0.018,48,37
111121,2018080218,0.004,0.4,0.123,0.021,45,35
111121,2018080219,0.004,0.4,0.095,0.028,42,31
111121,2018080220,0.004,0.5,0.082,0.03,49,35
111121,2018080221,0.004,0.5,0.076,0.027,59,41
111121,2018080222,0.003,0.5,0.066,0.027,76,51
111121,2018080223,0.003,0.5,0.076,0.023,82,69
111121,2018080224,0.003,0.6,0.078,0.025,70,50
111121,2018080301,0.003,0.7,0.066,0.023,81,58
111121,2018080302,0.003,0.6,0.053,0.028,76,60
111121,2018080303,0.003,0.6,0.045,0.032,73,58
111121,2018080304,0.003,0.6,0.025,0.039,80,63
111121,2018080305,0.003,0.6,0.027,0.035,82,58
111121,2018080306,0.003,0.5,0.016,0.042,54,40
111121,2018080307,0.004,0.5,0.011,0.051,35,30
111121,2018080308,0.005,0.6,0.021,0.045,38,27
111121,2018080309,0.006,0.5,0.032,0.043,38,24
111121,2018080310,0.006,0.4,0.046,0.03,28,19
111121,2018080311,0.004,0.5,0.052,0.035,26,19
111121,2018080312,0.004,0.4,0.075,0.03,30,21
111121,2018080313,0.004,0.4,0.108,0.022,33,25
111121,2018080314,0.004,0.4,0.141,0.018,41,32
111121,2018080315,0.005,0.5,0.154,0.021,50,38
111121,2018080316,0.006,0.4,0.133,0.019,53,40
111121,2018080317,0.005,0.4,0.11,0.02,50,37
111121,2018080318,0.004,0.4,0.081,0.021,44,33
111121,2018080319,0.005,0.4,0.068,0.02,43,32
111121,2018080320,0.004,0.4,0.048,0.025,38,28
111121,2018080321,0.004,0.4,0.035,0.025,36,25
111121,2018080322,0.004,0.4,0.032,0.022,32,23
111121,2018080323,0.003,0.3,0.036,0.017,31,22
111121,2018080324,0.003,0.3,0.04,0.014,26,20
111121,2018080401,0.003,0.3,0.037,0.014,27,18
111121,2018080402,0.003,0.3,0.033,0.015,26,19
111121,2018080403,0.003,0.3,0.036,0.012,23,19
111121,2018080404,0.003,0.4,0.04,0.009,23,18
111121,2018080405,0.003,0.4,0.041,0.009,24,19
111121,2018080406,0.003,0.3,0.041,0.016,25,19
111121,2018080407,0.004,0.3,0.032,0.024,27,18
111121,2018080408,0.004,0.3,0.031,0.02,29,20
111121,2018080409,0.004,0.3,0.034,0.019,34,24
111121,2018080410,0.004,0.3,0.043,0.018,34,23
111121,2018080411,0.004,0.4,0.053,0.016,36,24
111121,2018080412,0.005,0.3,0.06,0.017,37,25
111121,2018080413,0.005,0.3,0.064,0.017,34,24
111121,2018080414,0.004,0.3,0.06,0.012,31,21
111121,2018080415,0.004,0.3,0.062,0.012,29,19
111121,2018080416,0.003,0.2,0.052,0.01,22,14
111121,2018080417,0.003,0.2,0.044,0.01,19,14
111121,2018080418,0.003,0.2,0.036,0.011,17,12
111121,2018080419,0.003,0.2,0.029,0.014,18,14
111121,2018080420,0.003,0.2,0.024,0.015,24,15
111121,2018080421,0.004,0.3,0.017,0.02,22,14
111121,2018080422,,0.3,0.021,0.016,30,19
111121,2018080423,0.005,0.3,0.027,0.011,29,18
111121,2018080424,0.003,0.2,0.024,0.013,34,21
111121,2018080501,0.003,0.2,0.027,0.01,38,22
111121,2018080502,0.003,0.2,0.033,0.005,37,24
111121,2018080503,0.003,0.2,0.034,0.004,40,25
111121,2018080504,0.002,0.2,0.034,0.004,38,24
111121,2018080505,0.002,0.2,0.036,0.004,36,22
111121,2018080506,0.002,0.2,0.035,0.005,38,25
111121,2018080507,0.002,0.2,0.031,0.009,43,28
111121,2018080508,0.002,0.2,0.026,0.011,48,29
111121,2018080509,0.002,0.2,0.027,0.009,44,29
111121,2018080510,0.002,0.2,0.033,0.008,32,22
111121,2018080511,0.003,0.2,0.033,0.009,40,32
111121,2018080512,0.003,0.2,0.041,0.007,31,20
111121,2018080513,0.003,0.2,0.04,0.007,31,18
111121,2018080514,0.003,0.2,0.041,0.006,21,14
111121,2018080515,0.003,0.2,0.041,0.006,20,13
111121,2018080516,0.003,0.2,0.04,0.007,25,17
111121,2018080517,0.003,0.2,0.036,0.008,28,19
111121,2018080518,0.003,0.2,0.032,0.01,27,18
111121,2018080519,0.004,0.2,0.03,0.007,27,19
111121,2018080520,0.004,0.2,0.024,0.012,30,19
111121,2018080521,0.003,0.2,0.025,0.011,35,23
111121,2018080522,0.003,0.2,0.024,0.011,33,21
111121,2018080523,0.004,0.2,0.025,0.011,37,21
111121,2018080524,0.004,0.2,0.026,0.01,38,24
111121,2018080601,0.004,0.2,0.025,0.01,38,25
111121,2018080602,0.003,0.2,0.031,0.005,41,27
111121,2018080603,0.003,0.2,0.029,0.005,43,28
111121,2018080604,0.003,0.2,0.026,0.007,44,29
111121,2018080605,0.004,0.2,0.025,0.007,42,28
111121,2018080606,0.003,0.2,0.023,0.01,48,30
111121,2018080607,0.003,0.2,0.02,0.012,52,29
111121,2018080608,0.003,0.2,0.017,0.014,53,32
111121,2018080609,0.003,0.2,0.013,0.021,50,36
111121,2018080610,0.002,0.3,0.011,0.029,34,27
111121,2018080611,0.002,0.3,0.019,0.028,27,22
111121,2018080612,0.003,0.3,0.025,0.031,35,25
111121,2018080613,0.003,0.2,0.04,0.024,34,19
111121,2018080614,0.003,0.2,0.056,0.023,30,17
111121,2018080615,0.003,0.3,0.064,0.025,46,28
111121,2018080616,0.003,0.2,0.065,0.018,37,26
111121,2018080617,0.004,0.2,0.064,0.015,36,24
111121,2018080618,0.003,0.3,0.048,0.043,38,28
111121,2018080619,0.003,0.3,0.047,0.041,36,27
111121,2018080620,0.004,0.2,0.038,0.028,29,21
111121,2018080621,0.004,0.2,0.018,0.024,30,22
111121,2018080622,0.003,0.2,0.015,0.022,35,22
111121,2018080623,0.003,0.2,0.017,0.025,32,23
111121,2018080624,0.002,0.2,0.01,0.023,15,11
111121,2018080701,0.003,0.2,0.013,0.017,3,5
111121,2018080702,0.002,0.2,0.014,0.015,5,2
111121,2018080703,0.002,0.2,0.018,0.01,7,4
111121,2018080704,0.002,0.2,0.017,0.011,5,3
111121,2018080705,0.003,0.2,0.018,0.01,3,2
111121,2018080706,0.003,0.2,0.012,0.016,4,1
111121,2018080707,0.002,0.2,0.007,0.023,5,1
111121,2018080708,0.003,0.3,0.008,0.027,6,2
111121,2018080709,0.003,0.3,0.009,0.028,10,4
111121,2018080710,0.003,0.3,0.013,0.029,10,6
111121,2018080711,0.003,0.3,0.018,0.029,13,7
111121,2018080712,0.003,0.3,0.025,0.032,16,10
111121,2018080713,0.003,0.3,0.03,0.038,18,11
111121,2018080714,0.003,0.3,0.054,0.029,23,16
111121,2018080715,0.003,0.2,0.086,0.02,25,17
111121,2018080716,0.004,0.3,0.107,0.017,32,25
111121,2018080717,0.004,0.2,0.103,0.017,34,27
111121,2018080718,0.005,0.2,0.087,0.021,35,27
111121,2018080719,0.004,0.2,0.055,0.024,36,27
111121,2018080720,0.004,0.2,0.025,0.023,33,23
111121,2018080721,0.003,0.2,0.02,0.021,29,20
111121,2018080722,0.002,0.2,0.029,0.012,31,21
111121,2018080723,0.002,0.2,0.016,0.018,37,25
111121,2018080724,0.002,0.2,0.015,0.015,36,25
111121,2018080801,0.002,0.2,0.011,0.017,33,23
111121,2018080802,0.005,0.2,0.017,0.011,38,27
111121,2018080803,0.003,0.2,0.019,0.008,39,25
111121,2018080804,0.002,0.2,0.018,0.009,36,26
111121,2018080805,0.003,0.1,0.02,0.008,38,27
111121,2018080806,0.003,0.2,0.016,0.012,33,26
111121,2018080807,0.002,0.2,0.006,0.023,39,23
111121,2018080808,0.003,0.2,0.006,0.025,40,29
111121,2018080809,0.005,0.2,0.011,0.025,52,39
111121,2018080810,0.005,0.2,0.025,0.015,36,27
111121,2018080811,0.003,0.2,0.037,0.012,24,16
111121,2018080812,0.003,0.2,0.054,0.01,20,13
111121,2018080813,0.003,0.2,0.071,0.011,23,12
111121,2018080814,0.003,0.2,0.076,0.01,25,18
111121,2018080815,0.003,0.2,0.052,0.014,26,19
111121,2018080816,0.003,0.2,0.045,0.012,19,11
111121,2018080817,0.004,0.2,0.034,0.011,16,10
111121,2018080818,0.004,0.1,0.033,0.013,16,11
111121,2018080819,0.003,0.2,0.033,0.018,22,13
111121,2018080820,0.002,0.2,0.022,0.019,29,19
111121,2018080821,0.003,0.2,0.019,0.015,26,17
111121,2018080822,0.003,0.2,0.019,0.014,25,18
111121,2018080823,0.003,0.2,0.017,0.017,29,21
111121,2018080824,0.003,0.2,0.019,0.014,26,19
111121,2018080901,0.003,0.2,0.021,0.01,22,14
111121,2018080902,0.003,0.2,0.018,0.011,26,19
111121,2018080903,0.003,0.2,0.016,0.013,32,21
111121,2018080904,0.003,0.2,0.017,0.011,31,22
111121,2018080905,0.004,0.2,0.019,0.009,29,14
111121,2018080906,0.004,0.2,0.018,0.01,27,19
111121,2018080907,0.005,0.2,0.01,0.019,32,20
111121,2018080908,0.004,0.2,0.012,0.02,28,20
111121,2018080909,0.006,0.2,0.011,0.024,29,22
111121,2018080910,0.004,0.2,0.019,0.019,19,14
111121,2018080911,0.005,0.2,0.021,0.021,24,20
111121,2018080912,0.004,0.2,0.026,0.021,27,20
111121,2018080913,0.004,0.2,0.03,0.02,29,21
111121,2018080914,0.003,0.2,0.038,0.017,30,21
111121,2018080915,0.003,0.2,0.038,0.022,36,26
111121,2018080916,0.003,0.2,0.046,0.02,39,29
111121,2018080917,0.003,0.2,0.04,0.02,45,30
111121,2018080918,0.002,0.2,0.042,0.014,33,27
111121,2018080919,0.002,0.2,0.035,0.021,21,18
111121,2018080920,0.002,0.2,0.04,0.018,16,13
111121,2018080921,0.004,0.2,0.037,0.018,20,14
111121,2018080922,0.004,0.3,0.029,0.022,32,22
111121,2018080923,0.003,0.3,0.012,0.035,35,23
111121,2018080924,0.003,0.3,0.009,0.037,31,22
111121,2018081001,0.003,0.3,0.022,0.023,33,27
111121,2018081002,0.003,0.3,0.023,0.018,33,25
111121,2018081003,0.003,0.3,0.016,0.019,33,27
111121,2018081004,0.003,0.2,0.015,0.016,33,25
111121,2018081005,0.003,0.3,0.011,0.016,31,20
111121,2018081006,0.002,0.3,0.007,0.018,23,17
111121,2018081007,0.002,0.3,0.007,0.019,22,14
111121,2018081008,0.003,0.3,0.008,0.023,15,9
111121,2018081009,0.003,0.3,0.012,0.025,14,6
111121,2018081010,0.003,0.3,0.018,0.025,11,7
111121,2018081011,0.002,0.2,0.031,0.018,11,9
111121,2018081012,0.003,0.3,0.048,0.015,9,5
111121,2018081013,0.002,0.2,0.064,0.013,7,4
111121,2018081014,0.003,0.3,0.072,0.014,14,10
111121,2018081015,0.003,0.2,0.066,0.014,10,8
111121,2018081016,0.002,0.2,0.059,0.007,10,6
111121,2018081017,0.002,0.2,0.053,0.008,6,2
111121,2018081018,0.002,0.2,0.046,0.007,8,7
111121,2018081019,0.002,0.2,0.039,0.008,10,7
111121,2018081020,0.002,0.2,0.031,0.012,10,6
111121,2018081021,0.002,0.2,0.022,0.019,9,6
111121,2018081022,0.002,0.2,0.008,0.032,9,5
111121,2018081023,0.003,0.3,0.01,0.026,9,7
111121,2018081024,0.003,0.2,0.015,0.028,8,4
111121,2018081101,0.003,0.2,0.015,0.024,9,5
111121,2018081102,0.003,0.2,0.018,0.017,8,5
111121,2018081103,0.003,0.2,0.017,0.017,8,2
111121,2018081104,0.002,0.2,0.018,0.013,7,4
111121,2018081105,0.002,0.2,0.017,0.011,4,4
111121,2018081106,0.002,0.2,0.012,0.016,5,3
111121,2018081107,0.002,0.2,0.01,0.018,7,4
111121,2018081108,0.002,0.2,0.011,0.019,4,2
111121,2018081109,0.002,0.2,0.017,0.016,6,1
111121,2018081110,0.002,0.3,0.017,0.021,7,2
111121,2018081111,0.003,0.3,0.024,0.022,11,5
111121,2018081112,0.003,0.3,0.033,0.025,10,4
111121,2018081113,0.002,0.2,0.046,0.024,11,6
111121,2018081114,0.003,0.2,0.054,0.024,9,6
111121,2018081115,0.002,0.3,0.056,0.025,12,8
111121,2018081116,0.003,0.3,0.056,0.029,11,8
111121,2018081117,0.002,0.2,0.059,0.03,12,7
111121,2018081118,0.002,0.2,0.056,0.032,13,10
111121,2018081119,0.003,0.2,0.051,0.037,16,12
111121,2018081120,0.003,0.3,0.033,0.046,17,12
111121,2018081121,0.003,0.3,0.049,0.028,16,10
111121,2018081122,0.003,0.3,,0.023,25,16
111121,2018081123,0.002,0.2,0.017,0.025,12,8
111121,2018081124,0.002,0.2,0.018,0.019,7,5
111121,2018081201,0.002,0.2,0.021,0.013,7,3
111121,2018081202,0.002,0.2,0.021,0.01,8,5
111121,2018081203,0.002,0.2,0.021,0.01,8,8
111121,2018081204,0.003,0.2,0.021,0.009,9,5
111121,2018081205,0.003,0.2,0.019,0.01,10,5
111121,2018081206,0.002,0.2,0.013,0.015,9,5
111121,2018081207,0.003,0.2,0.01,0.019,11,7
111121,2018081208,0.003,0.2,0.015,0.017,9,6
111121,2018081209,0.003,0.2,0.017,0.018,9,6
111121,2018081210,0.002,0.2,0.026,0.013,11,6
111121,2018081211,0.003,0.2,0.036,0.013,12,6
111121,2018081212,0.003,0.2,0.046,0.016,13,8
111121,2018081213,0.003,0.2,0.056,0.016,15,9
111121,2018081214,0.003,0.2,0.067,0.015,16,12
111121,2018081215,0.003,0.2,0.074,0.016,20,15
111121,2018081216,0.002,0.2,0.066,0.024,19,15
111121,2018081217,0.002,0.2,0.06,0.026,20,16
111121,2018081218,0.003,0.2,0.054,0.026,19,15
111121,2018081219,0.003,0.2,0.07,0.02,22,16
111121,2018081220,0.002,0.3,0.052,0.031,38,25
111121,2018081221,0.002,0.3,0.036,0.04,34,29
111121,2018081222,0.002,0.3,0.016,0.053,29,22
111121,2018081223,0.002,0.4,0.005,0.055,33,21
111121,2018081224,0.002,0.3,0.007,0.048,29,21
111121,2018081301,0.002,0.3,0.006,0.044,34,28
111121,2018081302,0.002,0.3,0.012,0.03,33,26
111121,2018081303,0.002,0.3,0.015,0.023,37,32
111121,2018081304,0.002,0.3,0.013,0.021,39,30
111121,2018081305,0.002,0.2,0.015,0.017,34,31
111121,2018081306,0.002,0.2,0.008,0.021,41,32
111121,2018081307,0.002,0.3,0.005,0.026,41,34
111121,2018081308,0.003,0.3,0.006,0.029,42,33
111121,2018081309,0.003,0.3,0.008,0.032,41,33
111121,2018081310,0.003,0.4,0.014,0.035,34,24
111121,2018081311,0.003,0.3,0.024,0.029,29,16
111121,2018081312,0.004,0.3,0.029,0.03,29,19
111121,2018081313,0.004,0.2,0.049,0.022,38,26
111121,2018081314,0.005,0.2,0.072,0.018,41,29
111121,2018081315,0.004,0.2,0.084,0.016,47,31
111121,2018081316,0.005,0.2,0.08,0.016,43,30
111121,2018081317,,,,,,
111121,2018081318,,,,,,
111121,2018081319,,,,,,
111121,2018081320,0.004,0.3,0.031,0.015,30,24
111121,2018081321,0.003,0.2,0.026,0.009,22,19
111121,2018081322,0.004,0.2,0.019,0.009,18,13
111121,2018081323,0.003,0.2,0.008,0.015,12,8
111121,2018081324,0.003,0.3,0.003,0.023,15,10
111121,2018081401,0.003,0.3,0.006,0.022,18,12
111121,2018081402,0.003,0.3,0.008,0.018,21,13
111121,2018081403,0.003,0.3,0.006,0.017,18,12
111121,2018081404,0.003,0.3,0.003,0.018,18,11
111121,2018081405,0.003,0.3,0.003,0.017,27,13
111121,2018081406,0.003,0.4,0.002,0.019,21,10
111121,2018081407,0.003,0.4,0.002,0.021,20,12
111121,2018081408,0.003,0.5,0.003,0.025,20,12
111121,2018081409,0.003,0.5,0.011,0.021,23,15
111121,2018081410,0.004,0.3,0.019,0.018,17,10
111121,2018081411,0.004,0.3,0.017,0.028,24,13
111121,2018081412,0.004,0.4,0.024,0.03,25,14
111121,2018081413,0.005,0.4,0.038,0.036,26,15
111121,2018081414,0.005,0.4,0.076,0.023,30,21
111121,2018081415,0.006,0.3,0.099,0.024,39,29
111121,2018081416,0.007,0.4,0.097,0.023,36,27
111121,2018081417,0.005,0.3,0.094,0.017,38,27
111121,2018081418,0.004,0.3,0.063,0.014,31,21
111121,2018081419,0.004,0.2,0.053,0.011,20,16
111121,2018081420,0.004,0.2,0.048,0.015,22,15
111121,2018081421,0.003,0.3,0.041,0.025,22,16
111121,2018081422,0.003,0.4,0.036,0.03,26,19
111121,2018081423,0.003,0.4,0.024,0.039,28,20
111121,2018081424,0.003,0.5,0.013,0.048,29,22
111121,2018081501,0.003,0.4,0.025,0.034,29,22
111121,2018081502,0.003,0.4,0.025,0.03,30,22
111121,2018081503,0.003,0.4,0.023,0.028,31,23
111121,2018081504,0.003,0.4,0.02,0.027,30,22
111121,2018081505,0.003,0.4,0.019,0.025,32,24
111121,2018081506,0.003,0.4,0.018,0.023,31,23
111121,2018081507,0.003,0.4,0.008,0.033,31,22
111121,2018081508,0.003,0.4,0.014,0.029,30,21
111121,2018081509,0.003,0.4,0.023,0.03,26,18
111121,2018081510,0.004,0.4,0.038,0.032,23,16
111121,2018081511,0.004,0.4,0.056,0.032,27,20
111121,2018081512,0.003,0.4,0.086,0.024,30,22
111121,2018081513,0.003,0.4,0.097,0.024,32,24
111121,2018081514,0.003,0.3,0.084,0.031,29,23
111121,2018081515,0.003,0.3,0.082,0.03,29,19
111121,2018081516,0.003,0.3,0.069,0.03,34,20
111121,2018081517,0.003,0.3,0.068,0.022,32,17
111121,2018081518,0.003,0.3,0.046,0.018,34,18
111121,2018081519,0.003,0.4,0.015,0.031,32,18
111121,2018081520,0.003,0.4,0.012,0.029,14,10
111121,2018081521,0.002,0.3,0.015,0.022,12,9
111121,2018081522,0.002,0.4,0.009,0.027,17,11
111121,2018081523,0.003,0.3,0.008,0.027,17,13
111121,2018081524,0.002,0.3,0.008,0.025,18,13
111121,2018081601,0.002,0.3,0.011,0.02,19,11
111121,2018081602,0.003,0.3,0.013,0.015,17,13
111121,2018081603,0.003,0.3,0.015,0.013,18,14
111121,2018081604,0.002,0.3,0.015,0.014,16,11
111121,2018081605,0.003,0.3,0.016,0.011,16,14
111121,2018081606,0.003,0.3,0.009,0.019,14,11
111121,2018081607,0.003,0.3,0.004,0.024,16,10
111121,2018081608,0.003,0.5,0.005,0.025,18,11
111121,2018081609,0.003,0.4,0.008,0.023,17,12
111121,2018081610,0.003,0.4,0.015,0.02,13,7
111121,2018081611,0.003,0.4,0.023,0.02,11,8
111121,2018081612,0.003,0.4,0.031,0.022,23,6
111121,2018081613,0.003,0.4,0.034,0.021,18,4
111121,2018081614,0.003,0.4,0.036,0.019,19,5
111121,2018081615,0.003,0.4,0.037,0.023,16,7
111121,2018081616,0.003,0.4,0.038,0.024,15,4
111121,2018081617,0.003,0.4,0.036,0.026,18,3
111121,2018081618,0.003,0.4,0.031,0.028,20,7
111121,2018081619,0.003,0.3,0.027,0.027,17,7
111121,2018081620,0.003,0.4,0.021,0.027,24,10
111121,2018081621,0.003,0.4,0.02,0.027,24,10
111121,2018081622,0.002,0.3,0.021,0.025,33,7
111121,2018081623,0.002,0.3,0.016,0.028,40,6
111121,2018081624,0.002,0.3,0.02,0.023,17,6
111121,2018081701,0.002,0.3,0.028,0.014,21,6
111121,2018081702,0.002,0.3,0.029,0.012,13,4
111121,2018081703,0.002,0.3,0.03,0.01,11,5
111121,2018081704,0.002,0.3,0.03,0.008,12,4
111121,2018081705,0.002,0.3,0.026,0.012,13,4
111121,2018081706,0.002,0.3,0.021,0.015,10,4
111121,2018081707,0.002,0.3,0.017,0.02,8,5
111121,2018081708,0.002,0.3,0.016,0.022,10,3
111121,2018081709,0.002,0.4,0.015,0.026,14,3
111121,2018081710,0.003,0.4,0.02,0.023,11,3
111121,2018081711,0.002,0.4,0.026,0.02,14,7
111121,2018081712,0.002,0.4,0.028,0.023,12,4
111121,2018081713,0.003,0.4,0.034,0.021,14,5
111121,2018081714,0.002,0.3,0.039,0.021,14,6
111121,2018081715,0.003,0.3,0.04,0.023,10,6
111121,2018081716,0.002,0.3,0.045,0.023,9,4
111121,2018081717,0.003,0.3,0.039,0.027,10,6
111121,2018081718,0.003,0.4,0.032,0.032,11,6
111121,2018081719,0.003,0.4,0.028,0.036,9,6
111121,2018081720,0.003,0.4,0.017,0.039,19,10
111121,2018081721,0.003,0.4,0.014,0.032,24,14
111121,2018081722,0.002,0.3,0.014,0.028,16,11
111121,2018081723,0.003,0.3,0.016,0.024,12,7
111121,2018081724,0.002,0.3,0.013,0.027,11,5
111121,2018081801,0.002,0.4,0.016,0.022,10,3
111121,2018081802,0.003,0.3,0.024,0.014,9,4
111121,2018081803,0.003,0.3,0.025,0.012,10,3
111121,2018081804,0.003,0.3,0.026,0.012,11,4
111121,2018081805,0.003,0.3,0.022,0.015,11,3
111121,2018081806,0.003,0.3,0.013,0.023,12,4
111121,2018081807,0.003,0.4,0.008,0.027,12,4
111121,2018081808,0.003,0.4,0.012,0.027,11,4
111121,2018081809,0.003,0.3,0.016,0.023,9,2
111121,2018081810,0.003,0.4,0.022,0.021,10,3
111121,2018081811,0.003,0.4,0.023,0.024,13,7
111121,2018081812,0.003,0.4,0.035,0.021,15,6
111121,2018081813,0.003,0.4,0.045,0.024,15,8
111121,2018081814,0.002,0.3,0.052,0.024,14,7
111121,2018081815,0.003,0.3,0.065,0.022,14,7
111121,2018081816,0.003,0.3,0.079,0.021,17,7
111121,2018081817,0.002,0.3,0.076,0.014,21,10
111121,2018081818,0.003,0.3,0.067,0.013,17,9
111121,2018081819,0.003,0.3,0.066,0.015,18,7
111121,2018081820,0.003,0.3,0.055,0.015,18,10
111121,2018081821,0.003,0.3,0.041,0.023,16,10
111121,2018081822,0.003,0.3,0.032,0.023,16,9
111121,2018081823,0.003,0.3,0.031,0.023,15,8
111121,2018081824,0.003,0.4,0.02,0.033,15,9
111121,2018081901,0.003,0.3,0.033,0.017,14,10
111121,2018081902,0.003,0.3,0.037,0.015,15,8
111121,2018081903,0.003,0.3,0.028,0.016,16,9
111121,2018081904,0.003,0.4,0.021,0.019,15,9
111121,2018081905,0.003,0.4,0.019,0.02,17,10
111121,2018081906,0.003,0.4,0.011,0.024,18,11
111121,2018081907,0.003,0.4,0.01,0.025,18,10
111121,2018081908,0.003,0.4,0.018,0.024,17,9
111121,2018081909,0.003,0.4,0.022,0.029,20,8
111121,2018081910,0.003,0.5,0.028,0.034,19,10
111121,2018081911,0.003,0.5,0.047,0.03,24,13
111121,2018081912,0.003,0.4,0.064,0.025,24,14
111121,2018081913,0.003,0.4,0.081,0.026,23,12
111121,2018081914,0.003,0.4,0.1,0.02,27,17
111121,2018081915,0.003,0.4,0.103,0.022,24,17
111121,2018081916,0.003,0.4,0.097,0.024,23,15
111121,2018081917,0.003,0.4,0.091,0.025,23,15
111121,2018081918,0.003,0.4,0.09,0.03,23,16
111121,2018081919,0.003,0.4,0.076,0.02,32,18
111121,2018081920,0.003,0.3,0.054,0.014,33,16
111121,2018081921,0.003,0.4,0.039,0.017,32,12
111121,2018081922,0.003,0.3,0.036,0.017,24,12
111121,2018081923,0.003,0.3,0.033,0.02,21,9
111121,2018081924,0.002,0.4,0.024,0.025,18,11
111121,2018082001,0.003,0.4,0.011,0.033,16,12
111121,2018082002,0.003,0.4,0.007,0.036,17,11
111121,2018082003,0.003,0.5,0.012,0.038,23,13
111121,2018082004,0.003,0.5,0.022,0.036,29,20
111121,2018082005,0.003,0.6,0.036,0.028,36,27
111121,2018082006,0.004,0.5,0.034,0.029,39,28
111121,2018082007,0.003,0.4,0.033,0.034,34,26
111121,2018082008,0.004,0.5,0.022,0.047,31,21
111121,2018082009,0.004,0.6,0.025,0.047,30,20
111121,2018082010,0.004,0.6,0.035,0.039,27,17
111121,2018082011,0.003,0.5,0.048,0.03,28,18
111121,2018082012,0.003,0.5,0.058,0.033,30,19
111121,2018082013,0.003,0.5,0.063,0.039,34,20
111121,2018082014,0.003,0.5,0.07,0.033,31,22
111121,2018082015,0.003,0.5,0.078,0.031,31,22
111121,2018082016,0.003,0.5,0.074,0.038,31,22
111121,2018082017,,,,,,
111121,2018082018,0.003,0.5,0.068,0.042,34,24
111121,2018082019,0.004,0.5,0.05,0.045,39,27
111121,2018082020,0.004,0.4,0.036,0.034,51,30
111121,2018082021,0.004,0.4,0.018,0.034,40,25
111121,2018082022,0.004,0.4,0.014,0.035,33,19
111121,2018082023,0.003,0.3,0.016,0.026,28,18
111121,2018082024,0.003,0.3,0.017,0.026,26,16
111121,2018082101,0.003,0.3,0.026,0.015,26,17
111121,2018082102,0.003,0.3,0.032,0.008,27,16
111121,2018082103,0.003,0.2,0.035,0.007,29,17
111121,2018082104,0.003,0.2,0.034,0.008,33,18
111121,2018082105,0.003,0.3,0.033,0.01,27,19
111121,2018082106,0.003,0.3,0.026,0.014,28,19
111121,2018082107,0.002,0.3,0.033,0.015,18,10
111121,2018082108,0.003,0.5,0.02,0.031,7,3
111121,2018082109,0.003,0.4,0.021,0.031,9,6
111121,2018082110,0.003,0.4,0.021,0.032,16,8
111121,2018082111,0.003,0.5,0.015,0.036,22,12
111121,2018082112,0.003,0.5,0.024,0.026,19,9
111121,2018082113,0.003,0.4,0.032,0.02,14,6
111121,2018082114,0.003,0.3,0.04,0.017,17,8
111121,2018082115,0.003,0.4,0.038,0.023,17,7
111121,2018082116,0.003,0.3,0.047,0.02,15,7
111121,2018082117,0.003,0.3,0.05,0.022,21,8
111121,2018082118,0.004,0.3,0.049,0.024,22,11
111121,2018082119,0.004,0.4,0.038,0.036,24,12
111121,2018082120,0.003,0.4,0.032,0.036,25,13
111121,2018082121,0.005,0.4,0.021,0.038,23,12
111121,2018082122,0.004,0.4,0.027,0.028,23,12
111121,2018082123,0.003,0.4,0.019,0.032,25,9
111121,2018082124,0.003,0.4,0.014,0.038,22,11
111121,2018082201,0.003,0.4,0.018,0.032,21,13
111121,2018082202,0.003,0.4,0.019,0.027,20,12
111121,2018082203,0.002,0.4,0.022,0.02,21,11
111121,2018082204,0.003,0.4,0.014,0.024,21,13
111121,2018082205,0.003,0.4,0.025,0.017,18,12
111121,2018082206,0.003,0.4,0.024,0.021,18,10
111121,2018082207,0.003,0.4,0.017,0.029,17,10
111121,2018082208,0.003,0.5,0.017,0.029,19,11
111121,2018082209,0.003,0.5,0.016,0.038,21,12
111121,2018082210,0.003,0.5,0.03,0.032,20,10
111121,2018082211,0.003,0.5,0.03,0.035,20,12
111121,2018082212,0.003,0.5,0.039,0.034,22,14
111121,2018082213,0.003,0.4,0.047,0.031,24,15
111121,2018082214,0.003,0.4,0.052,0.027,21,13
111121,2018082215,0.003,0.4,0.056,0.031,21,13
111121,2018082216,0.003,0.4,0.065,0.03,21,12
111121,2018082217,0.003,0.3,0.068,0.029,21,15
111121,2018082218,0.003,0.4,0.062,0.034,23,15
111121,2018082219,0.003,0.4,0.048,0.04,23,12
111121,2018082220,0.003,0.4,0.03,0.043,24,15
111121,2018082221,0.003,0.4,0.014,0.042,24,15
111121,2018082222,0.003,0.3,0.012,0.029,18,11
111121,2018082223,0.003,0.3,0.009,0.023,14,8
111121,2018082224,0.003,0.3,0.007,0.021,13,7
111121,2018082301,0.002,0.3,0.008,0.017,14,5
111121,2018082302,0.003,0.3,0.008,0.015,11,5
111121,2018082303,0.003,0.3,0.01,0.013,10,7
111121,2018082304,0.003,0.2,0.014,0.011,11,5
111121,2018082305,0.002,0.3,0.016,0.011,12,7
111121,2018082306,0.003,0.3,0.012,0.017,12,5
111121,2018082307,0.003,0.3,0.009,0.022,11,8
111121,2018082308,0.003,0.4,0.006,0.028,13,6
111121,2018082309,0.002,0.4,0.008,0.025,16,9
111121,2018082310,0.003,0.4,0.009,0.024,14,6
111121,2018082311,0.003,0.4,0.011,0.024,17,9
111121,2018082312,0.003,0.4,0.015,0.021,14,6
111121,2018082313,0.003,0.4,0.016,0.02,14,11
111121,2018082314,0.002,0.4,0.015,0.02,15,10
111121,2018082315,0.002,0.4,0.016,0.02,14,6
111121,2018082316,0.002,0.3,0.015,0.019,12,6
111121,2018082317,0.002,0.3,0.011,0.022,11,7
111121,2018082318,0.002,0.4,0.008,0.023,13,7
111121,2018082319,0.002,0.3,0.008,0.02,11,4
111121,2018082320,0.003,0.3,0.005,0.022,11,8
111121,2018082321,0.002,0.3,0.007,0.019,12,8
111121,2018082322,0.002,0.3,0.006,0.017,13,7
111121,2018082323,0.002,0.3,0.006,0.015,11,4
111121,2018082324,0.003,0.3,0.01,0.013,8,4
111121,2018082401,0.003,0.2,0.014,0.011,4,3
111121,2018082402,0.002,0.3,0.02,0.007,4,2
111121,2018082403,0.002,0.3,0.024,0.005,5,2
111121,2018082404,0.002,0.3,0.024,0.006,5,2
111121,2018082405,0.003,0.2,0.024,0.007,4,3
111121,2018082406,0.002,0.2,0.023,0.009,4,1
111121,2018082407,0.002,0.4,0.015,0.018,8,3
111121,2018082408,0.003,0.3,0.007,0.025,7,3
111121,2018082409,0.003,0.4,0.007,0.027,9,5
111121,2018082410,0.002,0.3,0.017,0.016,8,3
111121,2018082411,0.002,0.3,0.022,0.014,6,3
111121,2018082412,0.002,0.3,0.029,0.012,8,4
111121,2018082413,0.003,0.3,0.028,0.011,7,7
111121,2018082414,0.002,0.3,0.025,0.014,5,3
111121,2018082415,0.003,0.4,0.018,0.019,9,8
111121,2018082416,0.003,0.4,0.017,0.023,8,5
111121,2018082417,0.002,0.4,0.02,0.022,7,4
111121,2018082418,0.002,0.3,0.016,0.023,8,5
111121,2018082419,0.002,0.3,0.018,0.02,6,5
111121,2018082420,0.002,0.3,0.024,0.018,8,4
111121,2018082421,0.002,0.3,0.03,0.015,11,4
111121,2018082422,0.002,0.3,0.031,0.014,12,6
111121,2018082423,0.002,0.4,0.025,0.019,13,7
111121,2018082424,0.003,0.4,0.027,0.017,14,7
111121,2018082501,0.003,0.4,0.028,0.017,15,8
111121,2018082502,0.003,0.4,0.03,0.015,15,8
111121,2018082503,0.004,0.4,0.031,0.013,15,8
111121,2018082504,0.004,0.4,0.033,0.012,15,7
111121,2018082505,0.003,0.4,0.035,0.013,15,9
111121,2018082506,0.003,0.4,0.037,0.016,18,10
111121,2018082507,0.004,0.5,0.024,0.031,23,11
111121,2018082508,0.004,0.5,0.025,0.035,24,14
111121,2018082509,0.003,0.5,0.034,0.028,29,17
111121,2018082510,0.004,0.5,0.036,0.029,29,16
111121,2018082511,0.003,0.4,0.047,0.019,25,15
111121,2018082512,0.003,0.4,0.05,0.02,31,13
111121,2018082513,0.003,0.4,0.054,0.02,38,13
111121,2018082514,0.003,0.4,0.058,0.02,29,14
111121,2018082515,0.003,0.4,0.047,0.025,30,15
111121,2018082516,0.003,0.4,0.05,0.017,29,13
111121,2018082517,0.003,0.4,0.042,0.023,23,11
111121,2018082518,0.003,0.4,0.048,0.019,20,11
111121,2018082519,0.003,0.3,0.048,0.019,25,8
111121,2018082520,0.003,0.3,0.046,0.02,22,10
111121,2018082521,0.003,0.3,0.044,0.019,16,8
111121,2018082522,0.003,0.4,0.04,0.022,15,8
111121,2018082523,0.003,0.4,0.034,0.025,15,9
111121,2018082524,0.003,0.4,0.034,0.024,17,8
111121,2018082601,0.003,0.3,0.043,0.016,14,8
111121,2018082602,0.003,0.3,0.037,0.016,13,7
111121,2018082603,0.003,0.3,0.035,0.014,14,6
111121,2018082604,0.003,0.4,0.03,0.014,13,7
111121,2018082605,0.003,0.4,0.019,0.018,16,8
111121,2018082606,0.002,0.4,0.014,0.02,18,10
111121,2018082607,0.003,0.4,0.01,0.026,17,9
111121,2018082608,0.003,0.4,0.018,0.021,19,10
111121,2018082609,0.003,0.4,0.031,0.017,17,10
111121,2018082610,0.003,0.4,0.037,0.02,13,6
111121,2018082611,0.002,0.4,0.047,0.016,20,10
111121,2018082612,0.003,0.3,0.06,0.013,,9
111121,2018082613,0.003,0.4,0.051,0.025,26,13
111121,2018082614,0.003,0.4,0.04,0.025,27,15
111121,2018082615,0.003,0.4,0.033,0.027,26,17
111121,2018082616,0.003,0.4,0.029,0.031,20,13
111121,2018082617,0.003,0.4,0.033,0.029,21,8
111121,2018082618,0.002,0.4,0.029,0.028,28,9
111121,2018082619,0.003,0.4,0.022,0.032,18,10
111121,2018082620,0.002,0.4,0.021,0.035,17,10
111121,2018082621,0.002,0.5,0.025,0.029,18,9
111121,2018082622,0.002,0.4,0.024,0.027,18,11
111121,2018082623,0.003,0.4,0.03,0.027,18,11
111121,2018082624,0.002,0.4,0.026,0.027,15,8
111121,2018082701,0.002,0.3,0.028,0.019,12,6
111121,2018082702,0.002,0.3,0.034,0.013,15,9
111121,2018082703,0.002,0.3,0.035,0.01,,6
111121,2018082704,0.002,0.3,0.033,0.011,19,5
111121,2018082705,0.002,0.3,0.028,0.013,12,7
111121,2018082706,0.002,0.3,0.023,0.017,6,4
111121,2018082707,0.002,0.4,0.017,0.025,4,4
111121,2018082708,0.002,0.5,0.006,0.04,7,4
111121,2018082709,0.002,0.5,0.012,0.035,8,4
111121,2018082710,0.002,0.5,0.011,0.034,8,5
111121,2018082711,0.002,0.6,0.009,0.038,8,5
111121,2018082712,0.002,0.5,0.019,0.029,10,6
111121,2018082713,0.003,0.4,0.024,0.026,8,6
111121,2018082714,0.002,0.4,0.025,0.026,12,8
111121,2018082715,0.002,0.4,0.027,0.025,10,7
111121,2018082716,0.002,0.4,0.025,0.023,8,4
111121,2018082717,0.003,0.4,0.023,0.022,10,3
111121,2018082718,0.002,0.5,0.015,0.029,8,4
111121,2018082719,0.002,0.5,0.011,0.033,9,6
111121,2018082720,0.002,0.6,0.004,0.04,13,9
111121,2018082721,0.003,0.6,0.002,0.042,18,9
111121,2018082722,0.003,0.6,0.002,0.041,17,8
111121,2018082723,0.003,0.5,0.002,0.036,12,8
111121,2018082724,0.002,0.5,0.002,0.033,10,6
111121,2018082801,0.002,0.4,0.002,0.029,10,6
111121,2018082802,0.003,0.4,0.002,0.029,10,5
111121,2018082803,0.002,0.4,0.004,0.024,10,7
111121,2018082804,0.002,0.4,0.003,0.022,11,6
111121,2018082805,0.002,0.3,0.006,0.019,12,6
111121,2018082806,0.002,0.4,0.006,0.017,22,15
111121,2018082807,0.002,0.3,0.005,0.017,15,8
111121,2018082808,0.002,0.4,0.005,0.019,9,4
111121,2018082809,0.003,0.4,0.005,0.021,7,2
111121,2018082810,0.002,0.5,0.006,0.022,10,4
111121,2018082811,0.002,0.5,0.007,0.024,9,5
111121,2018082812,0.003,0.5,0.005,0.027,13,7
111121,2018082813,0.003,0.6,0.003,0.031,18,13
111121,2018082814,0.002,0.7,0.003,0.029,12,9
111121,2018082815,0.003,0.7,0.004,0.033,9,9
111121,2018082816,0.003,0.6,0.002,0.034,10,6
111121,2018082817,0.003,0.6,0.003,0.034,12,9
111121,2018082818,0.003,0.6,0.002,0.034,11,8
111121,2018082819,0.003,0.6,0.002,0.032,9,7
111121,2018082820,0.003,0.6,0.002,0.031,11,9
111121,2018082821,0.003,0.4,0.015,0.021,7,6
111121,2018082822,0.003,0.4,0.004,0.03,6,4
111121,2018082823,0.003,0.4,0.003,0.03,6,5
111121,2018082824,0.002,0.4,0.004,0.029,5,3
111121,2018082901,0.002,0.4,0.004,0.029,3,2
111121,2018082902,0.003,0.4,0.002,0.025,6,3
111121,2018082903,0.003,0.3,0.007,0.014,16,5
111121,2018082904,0.003,0.3,0.009,0.01,14,6
111121,2018082905,0.003,0.3,0.008,0.01,13,3
111121,2018082906,0.003,0.2,0.005,0.012,13,6
111121,2018082907,0.003,0.3,0.004,0.016,12,4
111121,2018082908,0.003,0.4,0.003,0.018,14,6
111121,2018082909,0.004,0.5,0.003,0.021,18,9
111121,2018082910,0.003,0.4,0.004,0.02,18,8
111121,2018082911,0.003,0.4,0.004,0.019,17,13
111121,2018082912,0.003,0.4,0.007,0.019,17,8
111121,2018082913,0.003,0.3,0.007,0.018,19,10
111121,2018082914,0.003,0.3,0.007,0.019,18,10
111121,2018082915,0.003,0.4,0.006,0.021,20,10
111121,2018082916,0.003,0.4,0.003,0.031,19,9
111121,2018082917,0.003,0.6,0.002,0.04,21,11
111121,2018082918,0.003,0.6,0.007,0.042,13,8
111121,2018082919,0.003,0.7,0.002,0.047,8,6
111121,2018082920,0.003,0.7,0.002,0.046,11,8
111121,2018082921,0.003,0.8,0.002,0.045,11,9
111121,2018082922,0.003,0.6,0.002,0.032,13,9
111121,2018082923,0.003,0.3,0.002,0.02,12,9
111121,2018082924,0.003,0.4,0.001,0.021,10,6
111121,2018083001,0.003,0.3,0.004,0.016,12,8
111121,2018083002,0.003,0.2,0.005,0.015,16,9
111121,2018083003,0.003,0.3,0.006,0.015,13,10
111121,2018083004,0.003,0.2,0.021,0.006,9,5
111121,2018083005,0.002,0.2,0.018,0.009,6,4
111121,2018083006,0.002,0.2,0.01,0.015,7,4
111121,2018083007,0.003,0.3,0.004,0.024,10,5
111121,2018083008,0.002,0.4,0.007,0.029,15,7
111121,2018083009,0.003,0.5,0.006,0.035,19,12
111121,2018083010,0.003,0.5,0.015,0.032,23,13
111121,2018083011,0.003,0.5,0.016,0.036,24,16
111121,2018083012,0.003,0.6,0.02,0.038,30,18
111121,2018083013,,,,,,
111121,2018083014,,,,,,
111121,2018083015,,,,,,
111121,2018083016,,,,,,
111121,2018083017,,,,,,
111121,2018083018,,,,,,
111121,2018083019,,,,,,
111121,2018083020,0.003,0.6,0.028,0.043,28,22
111121,2018083021,0.003,0.6,0.021,0.047,31,20
111121,2018083022,0.003,0.7,0.006,0.058,34,23
111121,2018083023,0.003,0.6,0.005,0.058,41,22
111121,2018083024,0.004,0.5,0.012,0.047,55,19
111121,2018083101,0.003,0.6,0.018,0.038,45,21
111121,2018083102,0.004,0.5,0.023,0.029,28,18
111121,2018083103,0.003,0.5,0.033,0.019,25,16
111121,2018083104,0.004,0.4,0.039,0.014,22,13
111121,2018083105,0.003,0.4,0.043,0.009,26,14
111121,2018083106,0.003,0.5,0.028,0.017,31,13
111121,2018083107,0.003,0.5,0.015,0.031,21,14
111121,2018083108,0.003,0.6,0.015,0.032,25,17
111121,2018083109,0.003,0.6,0.014,0.038,26,18
111121,2018083110,0.003,0.4,0.032,0.03,22,12
111121,2018083111,0.003,0.4,0.043,0.025,21,7
111121,2018083112,0.002,0.4,0.051,0.022,24,9
111121,2018083113,0.003,0.3,0.071,0.014,23,11
111121,2018083114,0.003,0.3,0.093,0.013,24,14
111121,2018083115,0.003,0.3,0.092,0.012,25,14
111121,2018083116,0.003,0.3,0.078,0.015,21,11
111121,2018083117,0.003,0.3,0.063,0.014,19,9
111121,2018083118,0.003,0.4,0.053,0.017,17,10
111121,2018083119,0.003,0.4,0.041,0.022,19,13
111121,2018083120,0.003,0.4,0.031,0.026,20,11
111121,2018083121,0.003,0.4,0.031,0.025,16,10
111121,2018083122,0.004,0.4,0.027,0.026,17,10
111121,2018083123,0.004,0.4,0.015,0.035,19,13
111121,2018083124,0.003,0.4,0.016,0.032,20,11
111121,2018090101,0.003,0.5,0.005,0.038,20,12
111121,2018090102,0.003,0.5,0.003,0.036,19,12
111121,2018090103,0.002,0.5,0.002,0.033,23,13
111121,2018090104,0.002,0.6,0.002,0.032,23,12
111121,2018090105,0.003,0.5,0.002,0.028,22,13
111121,2018090106,0.003,0.5,0.005,0.027,23,13
111121,2018090107,0.002,0.4,0.008,0.025,24,13
111121,2018090108,0.002,0.4,0.014,0.023,23,10
111121,2018090109,0.003,0.4,0.019,0.023,,8
111121,2018090110,0.002,0.5,0.028,0.018,,6
111121,2018090111,0.002,0.4,0.032,0.021,22,10
111121,2018090112,0.003,0.4,0.037,0.023,19,9
111121,2018090113,0.002,0.4,0.041,0.025,23,11
111121,2018090114,0.002,0.4,0.044,0.024,21,10
111121,2018090115,0.002,0.4,0.044,0.026,19,11
111121,2018090116,0.002,0.4,0.047,0.024,19,8
111121,2018090117,0.003,0.4,0.038,0.027,15,6
111121,2018090118,0.002,0.4,0.03,0.032,15,8
111121,2018090119,0.002,0.4,0.024,0.035,14,8
111121,2018090120,0.002,0.4,0.016,0.038,13,8
111121,2018090121,0.002,0.4,0.015,0.03,15,7
111121,2018090122,0.002,0.3,0.017,0.025,14,7
111121,2018090123,0.002,0.3,0.02,0.019,13,6
111121,2018090124,0.002,0.3,0.017,0.022,13,4
111121,2018090201,0.002,0.3,0.023,0.016,10,4
111121,2018090202,0.002,0.3,0.028,0.01,12,4
111121,2018090203,0.002,0.3,0.03,0.009,12,6
111121,2018090204,0.002,0.3,0.03,0.008,10,4
111121,2018090205,0.002,0.3,0.03,0.007,14,8
111121,2018090206,0.002,0.3,0.025,0.013,16,9
111121,2018090207,0.002,0.3,0.022,0.015,12,5
111121,2018090208,0.003,0.3,0.021,0.018,10,4
111121,2018090209,0.002,0.3,0.024,0.016,9,4
111121,2018090210,0.002,0.4,0.03,0.013,8,2
111121,2018090211,0.002,0.3,0.034,0.015,14,4
111121,2018090212,0.002,0.3,0.04,0.016,15,5
111121,2018090213,0.002,0.3,0.048,0.017,15,7
111121,2018090214,0.003,0.3,0.05,0.021,16,8
111121,2018090215,0.003,0.4,0.062,0.019,13,8
111121,2018090216,0.002,0.4,0.074,0.018,15,8
111121,2018090217,0.003,0.4,0.062,0.032,15,9
111121,2018090218,0.003,0.4,0.057,0.035,19,11
111121,2018090219,0.003,0.4,0.042,0.036,19,12
111121,2018090220,0.002,0.4,0.034,0.034,18,10
111121,2018090221,0.003,0.4,0.024,0.03,18,10
111121,2018090222,0.002,0.4,0.018,0.024,16,8
111121,2018090223,0.002,0.3,0.017,0.023,15,8
111121,2018090224,0.002,0.3,0.019,0.021,13,7
111121,2018090301,0.002,0.3,0.021,0.017,14,8
111121,2018090302,0.003,0.3,0.026,0.012,13,7
111121,2018090303,0.002,0.3,0.024,0.013,14,7
111121,2018090304,0.002,0.3,0.025,0.012,13,7
111121,2018090305,0.003,0.3,0.024,0.011,13,7
111121,2018090306,0.003,0.3,0.019,0.017,11,6
111121,2018090307,0.002,0.3,0.01,0.025,14,6
111121,2018090308,0.002,0.4,0.005,0.031,14,6
111121,2018090309,0.003,0.4,0.006,0.031,13,8
111121,2018090310,0.003,0.6,0.004,0.035,18,9
111121,2018090311,0.003,0.6,0.003,0.037,18,9
111121,2018090312,0.003,0.5,0.004,0.035,18,8
111121,2018090313,0.003,0.5,0.008,0.032,18,11
111121,2018090314,0.003,0.6,0.008,0.035,19,10
111121,2018090315,0.003,0.6,0.005,0.038,22,12
111121,2018090316,0.003,0.6,0.011,0.039,24,13
111121,2018090317,0.003,0.5,0.02,0.035,30,20
111121,2018090318,0.002,0.3,0.038,0.022,13,10
111121,2018090319,0.002,0.4,0.037,0.032,8,5
111121,2018090320,0.003,0.6,0.012,0.054,10,7
111121,2018090321,0.003,0.6,0.006,0.056,13,6
111121,2018090322,0.002,0.5,0.009,0.049,13,8
111121,2018090323,0.003,0.4,0.022,0.038,7,4
111121,2018090324,0.002,0.4,0.019,0.037,9,5
111121,2018090401,0.002,0.4,0.017,0.033,10,5
111121,2018090402,0.002,0.4,0.025,0.022,10,6
111121,2018090403,0.002,0.3,0.033,0.012,13,5
111121,2018090404,0.002,0.3,0.027,0.014,13,6
111121,2018090405,0.002,0.3,0.027,0.011,12,4
111121,2018090406,0.002,0.3,0.021,0.015,12,6
111121,2018090407,0.002,0.4,0.012,0.023,13,6
111121,2018090408,0.002,0.4,0.016,0.02,16,9
111121,2018090409,0.002,0.3,0.022,0.022,15,7
111121,2018090410,0.002,0.4,0.032,0.016,11,5
111121,2018090411,0.002,0.3,0.039,0.012,11,5
111121,2018090412,0.002,0.3,0.052,0.013,14,5
111121,2018090413,0.002,0.3,0.066,0.008,14,7
111121,2018090414,0.002,0.3,0.061,0.01,17,9
111121,2018090415,0.002,0.3,0.054,0.011,15,7
111121,2018090416,0.002,0.3,0.051,0.01,15,7
111121,2018090417,0.002,0.3,0.05,0.011,18,8
111121,2018090418,0.003,0.3,0.046,0.014,18,7
111121,2018090419,0.002,0.3,0.045,0.013,19,10
111121,2018090420,0.002,0.3,0.041,0.013,21,6
111121,2018090421,0.002,0.3,0.04,0.014,15,6
111121,2018090422,0.003,0.3,0.038,0.017,17,7
111121,2018090423,0.003,0.4,0.03,0.022,18,8
111121,2018090424,0.002,0.4,0.026,0.024,20,8
111121,2018090501,0.002,0.3,0.032,0.019,17,7
111121,2018090502,0.003,0.3,0.036,0.015,17,7
111121,2018090503,0.003,0.3,0.041,0.012,16,8
111121,2018090504,0.003,0.3,0.036,0.014,17,8
111121,2018090505,0.002,0.4,0.024,0.021,18,7
111121,2018090506,0.003,0.4,0.032,0.018,18,8
111121,2018090507,0.003,0.4,0.027,0.024,17,9
111121,2018090508,0.003,0.4,0.019,0.031,19,9
111121,2018090509,0.003,0.4,0.021,0.034,21,12
111121,2018090510,0.003,0.4,0.041,0.02,19,6
111121,2018090511,0.003,0.3,0.052,0.016,22,5
111121,2018090512,0.003,0.3,0.059,0.013,22,7
111121,2018090513,0.003,0.4,0.066,0.011,22,9
111121,2018090514,0.003,0.4,0.067,0.011,24,10
111121,2018090515,0.003,0.4,0.063,0.013,28,10
111121,2018090516,0.003,0.3,0.059,0.016,27,9
111121,2018090517,0.003,0.3,0.052,0.017,24,5
111121,2018090518,0.003,0.3,0.055,0.016,22,7
111121,2018090519,0.003,0.4,0.049,0.026,29,12
111121,2018090520,0.004,0.4,0.052,0.032,35,14
111121,2018090521,0.003,0.4,0.065,0.024,37,15
111121,2018090522,0.003,0.4,0.065,0.021,34,15
111121,2018090523,0.004,0.4,0.065,0.019,34,17
111121,2018090524,0.004,0.4,0.058,0.02,33,15
111121,2018090601,0.003,0.5,0.034,0.033,33,14
111121,2018090602,0.004,0.5,0.02,0.038,31,15
111121,2018090603,0.004,0.5,0.023,0.029,31,14
111121,2018090604,0.004,0.5,0.034,0.025,30,15
111121,2018090605,0.004,0.5,0.048,0.021,31,17
111121,2018090606,0.004,0.5,0.02,0.034,31,16
111121,2018090607,0.004,0.6,0.009,0.044,30,17
111121,2018090608,0.004,0.6,0.008,0.049,33,16
111121,2018090609,0.004,0.7,0.016,0.052,36,17
111121,2018090610,0.005,0.8,0.022,0.052,36,16
111121,2018090611,0.005,0.7,0.038,0.049,37,18
111121,2018090612,0.005,0.6,0.068,0.033,34,18
111121,2018090613,0.005,0.6,0.062,0.046,38,22
111121,2018090614,0.004,0.5,0.094,0.022,36,23
111121,2018090615,0.005,0.5,0.091,0.031,34,22
111121,2018090616,0.004,0.4,0.08,0.028,36,22
111121,2018090617,0.005,0.4,0.072,0.027,35,20
111121,2018090618,0.004,0.4,0.059,0.032,30,16
111121,2018090619,0.003,0.5,0.042,0.038,22,14
111121,2018090620,0.003,0.5,0.032,0.044,26,14
111121,2018090621,0.004,0.5,0.026,0.048,26,15
111121,2018090622,0.004,0.5,0.027,0.042,24,14
111121,2018090623,0.004,0.4,0.038,0.031,24,12
111121,2018090624,0.003,0.4,0.053,0.027,25,15
111121,2018090701,0.003,0.4,0.061,0.019,20,13
111121,2018090702,0.003,0.4,0.069,0.011,19,14
111121,2018090703,0.003,0.4,0.069,0.011,24,16
111121,2018090704,0.003,0.4,0.07,0.009,30,16
111121,2018090705,0.004,0.4,0.067,0.013,33,16
111121,2018090706,0.004,0.4,0.061,0.018,37,18
111121,2018090707,0.004,0.5,0.039,0.035,39,19
111121,2018090708,0.004,0.6,0.027,0.043,42,19
111121,2018090709,0.003,0.5,0.045,0.024,38,20
111121,2018090710,0.003,0.5,0.045,0.019,24,11
111121,2018090711,0.003,0.4,0.048,0.019,21,9
111121,2018090712,0.003,0.4,0.057,0.016,21,9
111121,2018090713,0.002,0.3,0.062,0.011,20,12
111121,2018090714,0.002,0.3,0.061,0.009,20,10
111121,2018090715,0.002,0.3,0.059,0.011,17,8
111121,2018090716,0.003,0.3,0.057,0.012,18,8
111121,2018090717,0.002,0.3,0.054,0.012,17,7
111121,2018090718,0.003,0.3,0.047,0.013,12,5
111121,2018090719,0.002,0.3,0.041,0.016,13,6
111121,2018090720,0.002,0.3,0.034,0.02,17,7
111121,2018090721,0.002,0.3,0.031,0.02,15,8
111121,2018090722,0.002,0.3,0.036,0.013,16,8
111121,2018090723,0.003,0.3,0.038,0.013,17,8
111121,2018090724,0.003,0.3,0.046,0.008,16,7
111121,2018090801,0.002,0.3,0.049,0.007,16,8
111121,2018090802,0.003,0.3,0.045,0.01,16,7
111121,2018090803,0.002,0.4,0.045,0.01,16,8
111121,2018090804,0.002,0.4,0.038,0.013,17,9
111121,2018090805,0.002,0.4,0.024,0.019,15,7
111121,2018090806,0.002,0.5,0.007,0.033,18,9
111121,2018090807,0.002,0.5,0.003,0.037,20,12
111121,2018090808,0.003,0.5,0.007,0.037,24,10
111121,2018090809,0.003,0.5,0.019,0.031,26,12
111121,2018090810,0.003,0.5,0.02,0.033,25,9
111121,2018090811,0.003,0.4,0.039,0.02,25,10
111121,2018090812,0.003,0.4,0.047,0.017,25,12
111121,2018090813,0.003,0.3,0.053,0.012,20,9
111121,2018090814,0.003,0.3,0.057,0.008,19,9
111121,2018090815,0.003,0.3,0.056,0.007,17,8
111121,2018090816,0.003,0.3,0.056,0.01,18,7
111121,2018090817,0.003,0.3,0.055,0.011,17,8
111121,2018090818,0.003,0.3,0.054,0.01,19,9
111121,2018090819,0.002,0.3,0.052,0.011,25,12
111121,2018090820,0.003,0.3,0.046,0.013,22,10
111121,2018090821,0.003,0.4,0.04,0.016,21,10
111121,2018090822,0.003,0.4,0.027,0.026,23,10
111121,2018090823,0.003,0.4,0.025,0.028,23,12
111121,2018090824,0.003,0.4,0.021,0.029,25,12
111121,2018090901,0.003,0.4,0.013,0.033,26,13
111121,2018090902,0.003,0.4,0.012,0.03,21,9
111121,2018090903,0.002,0.4,0.018,0.022,21,9
111121,2018090904,0.002,0.4,0.023,0.018,21,10
111121,2018090905,0.003,0.4,0.022,0.016,22,10
111121,2018090906,0.003,0.4,0.012,0.025,23,11
111121,2018090907,0.003,0.4,0.004,0.031,24,11
111121,2018090908,0.003,0.5,0.008,0.029,25,12
111121,2018090909,0.003,0.4,0.019,0.024,23,12
111121,2018090910,0.003,0.4,0.027,0.02,17,7
111121,2018090911,0.003,0.3,0.037,0.016,19,8
111121,2018090912,0.003,0.3,0.046,0.015,18,9
111121,2018090913,0.002,0.3,0.054,0.014,19,8
111121,2018090914,0.003,0.3,0.061,0.014,21,11
111121,2018090915,0.002,0.3,0.062,0.017,17,9
111121,2018090916,0.003,0.3,0.067,0.018,17,9
111121,2018090917,0.002,0.3,0.066,0.019,16,10
111121,2018090918,0.002,0.4,0.048,0.027,16,10
111121,2018090919,0.003,0.3,0.045,0.027,15,9
111121,2018090920,0.003,0.4,0.041,0.023,27,14
111121,2018090921,0.002,0.4,0.027,0.027,24,11
111121,2018090922,0.002,0.3,0.021,0.025,16,9
111121,2018090923,0.002,0.3,0.031,0.017,11,5
111121,2018090924,0.002,0.3,0.034,0.015,8,4
111121,2018091001,0.002,0.3,0.037,0.011,8,3
111121,2018091002,0.002,0.3,0.041,0.009,6,3
111121,2018091003,0.002,0.3,0.04,0.008,6,4
111121,2018091004,0.002,0.3,0.041,0.008,7,3
111121,2018091005,0.002,0.3,0.039,0.009,4,3
111121,2018091006,0.002,0.3,0.034,0.012,9,4
111121,2018091007,0.002,0.3,0.024,0.022,10,6
111121,2018091008,0.002,0.3,0.019,0.027,11,4
111121,2018091009,0.002,0.3,0.024,0.023,12,4
111121,2018091010,0.002,0.3,0.027,0.021,11,3
111121,2018091011,0.002,0.4,0.029,0.022,14,3
111121,2018091012,,,,,,
111121,2018091013,,,,,,
111121,2018091014,0.002,0.3,0.039,0.019,13,8
111121,2018091015,0.002,0.4,0.038,0.023,13,5
111121,2018091016,0.002,0.4,0.032,0.029,11,5
111121,2018091017,0.002,0.4,0.034,0.024,8,3
111121,2018091018,0.002,0.4,0.026,0.029,10,4
111121,2018091019,0.002,0.4,0.018,0.033,13,8
111121,2018091020,0.002,0.4,0.011,0.038,16,10
111121,2018091021,0.002,0.4,0.016,0.03,15,8
111121,2018091022,0.002,0.3,0.017,0.026,14,7
111121,2018091023,0.002,0.3,0.019,0.022,14,7
111121,2018091024,0.002,0.3,0.019,0.023,12,6
111121,2018091101,0.002,0.3,0.019,0.022,11,6
111121,2018091102,0.002,0.3,0.026,0.015,11,6
111121,2018091103,0.002,0.3,0.029,0.013,9,4
111121,2018091104,0.002,0.3,0.032,0.011,10,5
111121,2018091105,0.002,0.3,0.03,0.012,10,5
111121,2018091106,0.002,0.3,0.027,0.015,10,5
111121,2018091107,0.002,0.3,0.016,0.025,11,5
111121,2018091108,0.002,0.4,0.013,0.029,12,5
111121,2018091109,0.002,0.3,0.017,0.026,13,4
111121,2018091110,0.002,0.4,0.019,0.026,12,4
111121,2018091111,0.002,0.4,0.027,0.021,14,6
111121,2018091112,0.002,0.3,0.031,0.019,14,7
111121,2018091113,0.002,0.4,0.034,0.02,14,5
111121,2018091114,0.002,0.3,0.039,0.019,15,8
111121,2018091115,0.002,0.4,0.033,0.028,11,6
111121,2018091116,0.002,0.4,0.033,0.027,15,7
111121,2018091117,0.002,0.4,0.03,0.026,12,5
111121,2018091118,0.002,0.4,0.025,0.031,14,7
111121,2018091119,0.002,0.4,0.027,0.028,14,8
111121,2018091120,0.002,0.4,0.02,0.028,17,10
111121,2018091121,0.002,0.3,0.021,0.023,15,10
111121,2018091122,0.002,0.3,0.017,0.027,14,7
111121,2018091123,0.002,0.4,0.014,0.029,15,5
111121,2018091124,0.002,0.3,0.019,0.024,12,6
111121,2018091201,0.002,0.3,0.019,0.023,12,6
111121,2018091202,0.002,0.3,0.026,0.016,10,6
111121,2018091203,0.002,0.3,0.034,0.011,11,5
111121,2018091204,0.002,0.3,0.035,0.009,9,5
111121,2018091205,0.002,0.3,0.035,0.009,8,5
111121,2018091206,0.002,0.3,0.026,0.018,8,5
111121,2018091207,0.002,0.3,0.018,0.026,11,5
111121,2018091208,0.002,0.3,0.018,0.027,10,5
111121,2018091209,0.002,0.4,0.024,0.023,10,6
111121,2018091210,0.002,0.3,0.027,0.021,10,3
111121,2018091211,0.002,0.4,0.027,0.024,14,5
111121,2018091212,0.002,0.3,0.033,0.022,16,6
111121,2018091213,0.002,0.4,0.034,0.029,16,7
111121,2018091214,0.002,0.4,0.044,0.025,17,9
111121,2018091215,0.002,0.4,0.046,0.029,16,7
111121,2018091216,0.002,0.4,0.037,0.041,16,7
111121,2018091217,0.003,0.3,0.051,0.027,17,8
111121,2018091218,0.002,0.4,0.046,0.033,16,9
111121,2018091219,0.002,0.4,0.043,0.033,18,12
111121,2018091220,0.002,0.4,0.02,0.053,20,14
111121,2018091221,0.003,0.6,0.004,0.065,23,13
111121,2018091222,0.003,0.5,0.005,0.058,25,14
111121,2018091223,0.003,0.5,0.004,0.054,22,12
111121,2018091224,0.002,0.5,0.007,0.05,20,12
111121,2018091301,0.003,0.4,0.008,0.043,18,11
111121,2018091302,0.002,0.4,0.011,0.038,19,11
111121,2018091303,0.002,0.4,0.018,0.027,17,10
111121,2018091304,0.002,0.3,0.026,0.015,15,8
111121,2018091305,0.002,0.3,0.022,0.016,12,8
111121,2018091306,0.002,0.3,0.021,0.016,12,7
111121,2018091307,0.002,0.3,0.012,0.026,12,6
111121,2018091308,0.002,0.4,0.006,0.032,16,8
111121,2018091309,0.002,0.4,0.01,0.03,17,8
111121,2018091310,0.003,0.4,0.013,0.028,18,8
111121,2018091311,0.002,0.5,0.011,0.033,16,9
111121,2018091312,0.002,0.5,0.015,0.032,20,10
111121,2018091313,0.003,0.4,0.022,0.025,20,9
111121,2018091314,0.002,0.3,0.029,0.023,18,8
111121,2018091315,0.003,0.4,0.034,0.028,18,10
111121,2018091316,0.003,0.4,0.032,0.031,18,8
111121,2018091317,0.003,0.4,0.039,0.029,18,8
111121,2018091318,0.002,0.5,0.037,0.034,19,10
111121,2018091319,0.003,0.5,0.022,0.044,21,15
111121,2018091320,0.003,0.6,0.009,0.055,27,16
111121,2018091321,0.003,0.5,0.008,0.049,27,17
111121,2018091322,0.003,0.6,0.003,0.052,25,15
111121,2018091323,0.003,0.6,0.003,0.048,24,15
111121,2018091324,0.003,0.5,0.003,0.043,22,12
111121,2018091401,0.003,0.5,0.002,0.043,24,15
111121,2018091402,0.003,0.4,0.011,0.029,22,13
111121,2018091403,0.002,0.4,0.015,0.024,17,10
111121,2018091404,0.002,0.4,0.015,0.022,16,9
111121,2018091405,0.002,0.4,0.007,0.028,18,11
111121,2018091406,0.002,0.4,0.003,0.031,18,11
111121,2018091407,0.002,0.4,0.003,0.032,19,11
111121,2018091408,0.003,0.4,0.006,0.032,18,9
111121,2018091409,0.003,0.4,0.008,0.032,17,8
111121,2018091410,0.002,0.4,0.012,0.03,19,10
111121,2018091411,0.002,0.4,0.015,0.03,19,11
111121,2018091412,0.003,0.4,0.02,0.026,18,9
111121,2018091413,0.003,0.4,0.025,0.029,15,9
111121,2018091414,0.003,0.4,0.027,0.032,15,9
111121,2018091415,0.002,0.4,0.024,0.033,15,10
111121,2018091416,0.002,0.4,0.027,0.028,15,8
111121,2018091417,0.002,0.4,0.026,0.027,16,8
111121,2018091418,0.002,0.4,0.025,0.029,15,8
111121,2018091419,0.003,0.4,0.02,0.034,15,10
111121,2018091420,0.002,0.4,0.014,0.038,19,12
111121,2018091421,0.003,0.4,0.016,0.034,20,13
111121,2018091422,0.002,0.4,0.013,0.035,18,11
111121,2018091423,0.002,0.4,0.017,0.026,18,11
111121,2018091424,0.002,0.3,0.022,0.022,12,8
111121,2018091501,0.002,0.3,0.025,0.017,12,8
111121,2018091502,0.002,0.3,0.028,0.014,9,6
111121,2018091503,0.002,0.3,0.03,0.011,8,6
111121,2018091504,0.002,0.3,0.029,0.011,9,6
111121,2018091505,0.002,0.3,0.029,0.01,5,4
111121,2018091506,0.002,0.3,0.022,0.017,6,3
111121,2018091507,0.002,0.3,0.02,0.02,7,6
111121,2018091508,0.002,0.3,0.015,0.025,8,3
111121,2018091509,0.002,0.3,0.016,0.024,9,4
111121,2018091510,0.002,0.4,0.021,0.022,9,3
111121,2018091511,0.002,0.3,0.025,0.021,9,4
111121,2018091512,0.002,0.3,0.025,0.023,10,5
111121,2018091513,0.002,0.4,0.028,0.026,9,5
111121,2018091514,0.002,0.4,0.028,0.027,10,6
111121,2018091515,0.003,0.4,0.014,0.038,10,6
111121,2018091516,0.002,0.4,0.012,0.039,12,7
111121,2018091517,0.002,0.4,0.011,0.04,13,7
111121,2018091518,0.002,0.4,0.008,0.042,13,6
111121,2018091519,0.002,0.4,0.003,0.048,14,7
111121,2018091520,0.004,0.4,0.003,0.048,18,9
111121,2018091521,0.003,0.4,0.008,0.041,20,10
111121,2018091522,0.003,0.3,0.02,0.029,16,10
111121,2018091523,0.003,0.4,0.009,0.039,16,9
111121,2018091524,0.003,0.5,0.003,0.043,20,13
111121,2018091601,0.004,0.4,0.009,0.034,24,15
111121,2018091602,0.003,0.4,0.011,0.03,22,13
111121,2018091603,0.003,0.4,0.008,0.033,24,13
111121,2018091604,0.003,0.4,0.013,0.026,25,15
111121,2018091605,0.003,0.4,0.022,0.015,30,15
111121,2018091606,0.003,0.4,0.022,0.013,34,18
111121,2018091607,0.003,0.4,0.015,0.017,38,21
111121,2018091608,0.002,0.5,0.014,0.018,38,20
111121,2018091609,0.002,0.4,0.017,0.017,38,22
111121,2018091610,0.003,0.4,0.034,0.011,38,21
111121,2018091611,0.003,0.4,0.043,0.011,36,20
111121,2018091612,0.002,0.4,0.042,0.014,28,15
111121,2018091613,0.003,0.4,0.047,0.014,30,18
111121,2018091614,0.003,0.4,0.051,0.016,32,20
111121,2018091615,0.003,0.4,0.055,0.015,39,29
111121,2018091616,0.002,0.5,0.054,0.016,42,33
111121,2018091617,0.002,0.5,0.048,0.019,43,34
111121,2018091618,0.002,0.5,0.055,0.019,37,30
111121,2018091619,0.003,0.5,0.058,0.018,36,29
111121,2018091620,0.003,0.5,0.058,0.016,34,27
111121,2018091621,0.002,0.5,0.048,0.019,37,27
111121,2018091622,0.002,0.5,0.038,0.023,34,25
111121,2018091623,0.002,0.4,0.037,0.018,28,20
111121,2018091624,0.002,0.4,0.034,0.017,23,15
111121,2018091701,0.002,0.4,0.037,0.013,23,16
111121,2018091702,0.002,0.4,0.036,0.012,20,13
111121,2018091703,0.002,0.4,0.042,0.007,21,14
111121,2018091704,0.003,0.4,0.041,0.007,21,12
111121,2018091705,0.002,0.4,0.042,0.006,21,11
111121,2018091706,0.003,0.4,0.034,0.009,21,12
111121,2018091707,0.002,0.5,0.021,0.018,23,13
111121,2018091708,0.002,0.5,0.021,0.019,23,14
111121,2018091709,0.002,0.5,0.027,0.02,24,13
111121,2018091710,0.002,0.6,0.025,0.024,22,13
111121,2018091711,0.003,0.5,0.034,0.02,23,14
111121,2018091712,0.002,0.5,0.033,0.024,32,13
111121,2018091713,0.002,0.4,0.05,0.015,28,12
111121,2018091714,0.002,0.3,0.077,0.01,33,17
111121,2018091715,0.003,0.4,0.073,0.013,29,17
111121,2018091716,0.002,0.3,0.067,0.014,25,12
111121,2018091717,0.002,0.4,0.059,0.018,25,12
111121,2018091718,0.003,0.4,0.051,0.024,26,12
111121,2018091719,0.003,0.4,0.034,0.031,31,18
111121,2018091720,0.003,0.4,0.047,0.02,24,13
111121,2018091721,0.003,0.5,0.039,0.025,24,14
111121,2018091722,0.002,0.5,0.037,0.026,24,13
111121,2018091723,0.003,0.5,0.036,0.028,22,10
111121,2018091724,0.003,0.5,0.023,0.039,23,13
111121,2018091801,0.003,0.6,0.011,0.042,24,14
111121,2018091802,0.003,0.6,0.009,0.038,25,13
111121,2018091803,0.003,0.5,0.019,0.026,25,14
111121,2018091804,0.003,0.5,0.014,0.028,24,13
111121,2018091805,0.002,0.5,0.014,0.027,26,14
111121,2018091806,0.002,0.5,0.007,0.033,26,13
111121,2018091807,0.003,0.6,0.002,0.038,26,14
111121,2018091808,0.003,0.7,0.004,0.036,31,15
111121,2018091809,0.003,0.7,0.006,0.037,34,15
111121,2018091810,0.003,0.7,0.01,0.043,32,14
111121,2018091811,0.004,0.6,0.015,0.049,37,17
111121,2018091812,0.003,0.7,0.021,0.05,41,17
111121,2018091813,0.004,0.5,0.042,0.034,35,16
111121,2018091814,0.004,0.5,0.048,0.038,36,17
111121,2018091815,0.003,0.4,0.064,0.021,37,16
111121,2018091816,0.003,0.4,0.082,0.02,39,18
111121,2018091817,0.003,0.4,0.058,0.018,32,15
111121,2018091818,0.003,0.4,0.052,0.019,29,13
111121,2018091819,0.003,0.4,0.046,0.021,33,17
111121,2018091820,0.003,0.4,0.034,0.03,32,15
111121,2018091821,0.003,0.4,0.033,0.029,25,11
111121,2018091822,0.003,0.5,0.031,0.032,27,14
111121,2018091823,0.003,0.5,0.027,0.033,28,13
111121,2018091824,0.003,0.5,0.014,0.044,27,13
111121,2018091901,0.003,0.5,0.007,0.045,26,14
111121,2018091902,0.003,0.5,0.012,0.037,26,14
111121,2018091903,0.003,0.6,0.01,0.036,24,14
111121,2018091904,0.003,0.6,0.012,0.031,26,14
111121,2018091905,0.003,0.6,0.009,0.032,28,16
111121,2018091906,0.003,0.5,0.006,0.032,30,17
111121,2018091907,0.003,0.6,0.003,0.037,32,18
111121,2018091908,0.003,0.5,0.008,0.036,33,17
111121,2018091909,0.003,0.5,0.015,0.031,33,17
111121,2018091910,0.003,0.6,0.017,0.036,34,16
111121,2018091911,0.003,0.7,0.02,0.047,39,20
111121,2018091912,0.003,0.7,0.014,0.053,40,19
111121,2018091913,0.004,0.6,0.029,0.045,41,18
111121,2018091914,0.004,0.6,0.037,0.042,38,18
111121,2018091915,0.003,0.6,0.035,0.046,34,15
111121,2018091916,0.003,0.5,0.048,0.038,34,16
111121,2018091917,0.003,0.5,0.054,0.034,36,20
111121,2018091918,0.003,0.5,0.059,0.03,37,18
111121,2018091919,0.003,0.5,0.056,0.03,44,22
111121,2018091920,0.003,0.6,0.043,0.038,44,26
111121,2018091921,0.003,0.7,0.008,0.069,45,27
111121,2018091922,0.003,0.6,0.012,0.061,44,26
111121,2018091923,0.003,0.5,0.022,0.049,30,20
111121,2018091924,0.003,0.4,0.038,0.031,17,11
111121,2018092001,0.003,0.4,0.044,0.025,14,9
111121,2018092002,0.003,0.4,0.055,0.016,19,12
111121,2018092003,0.003,0.4,0.04,0.02,23,15
111121,2018092004,0.002,0.4,0.03,0.021,27,17
111121,2018092005,0.002,0.4,0.026,0.02,27,18
111121,2018092006,0.003,0.4,0.032,0.014,22,15
111121,2018092007,0.002,0.4,0.027,0.023,22,16
111121,2018092008,0.002,0.4,0.019,0.03,17,11
111121,2018092009,0.002,0.4,0.021,0.031,14,8
111121,2018092010,0.002,0.5,0.018,0.033,15,10
111121,2018092011,0.002,0.5,0.019,0.032,13,8
111121,2018092012,0.002,0.5,0.018,0.032,11,7
111121,2018092013,0.002,0.4,0.027,0.026,9,6
111121,2018092014,0.002,0.4,0.029,0.026,8,5
111121,2018092015,0.002,0.4,0.028,0.026,8,5
111121,2018092016,0.002,0.4,0.026,0.03,8,4
111121,2018092017,0.003,0.4,0.025,0.03,8,5
111121,2018092018,0.002,0.4,0.026,0.028,8,4
111121,2018092019,0.002,0.4,0.024,0.028,9,6
111121,2018092020,0.003,0.4,0.02,0.03,11,8
111121,2018092021,0.002,0.4,0.023,0.025,10,9
111121,2018092022,0.002,0.4,0.023,0.024,10,6
111121,2018092023,0.002,0.4,0.018,0.03,6,3
111121,2018092024,0.003,0.3,0.022,0.025,7,3
111121,2018092101,0.002,0.3,0.03,0.016,5,4
111121,2018092102,0.002,0.3,0.035,0.012,6,3
111121,2018092103,0.002,0.3,0.036,0.01,6,7
111121,2018092104,0.002,0.3,0.034,0.011,9,5
111121,2018092105,0.002,0.3,0.037,0.009,6,5
111121,2018092106,0.002,0.3,0.028,0.018,6,4
111121,2018092107,0.002,0.3,0.02,0.026,5,3
111121,2018092108,0.002,0.4,0.013,0.033,6,4
111121,2018092109,0.002,0.4,0.011,0.034,7,4
111121,2018092110,0.002,0.4,0.011,0.035,8,4
111121,2018092111,0.002,0.5,0.01,0.038,8,4
111121,2018092112,0.002,0.5,0.019,0.027,9,5
111121,2018092113,0.002,0.4,0.025,0.022,8,5
111121,2018092114,0.002,0.5,0.025,0.026,6,4
111121,2018092115,0.002,0.3,0.034,0.019,6,3
111121,2018092116,0.002,0.3,0.03,0.021,6,4
111121,2018092117,0.002,0.3,0.025,0.025,6,4
111121,2018092118,0.002,0.3,0.026,0.024,8,4
111121,2018092119,0.002,0.4,0.022,0.027,7,5
111121,2018092120,0.002,0.4,0.014,0.034,10,6
111121,2018092121,0.002,0.4,0.014,0.031,9,6
111121,2018092122,0.002,0.4,0.008,0.035,9,5
111121,2018092123,0.002,0.5,0.003,0.04,9,6
111121,2018092124,0.003,0.6,0.002,0.043,11,6
111121,2018092201,0.002,0.4,0.002,0.037,12,7
111121,2018092202,0.002,0.4,0.002,0.037,12,6
111121,2018092203,0.003,0.5,0.002,0.038,14,7
111121,2018092204,0.003,0.6,0.002,0.037,14,7
111121,2018092205,0.003,0.5,0.009,0.031,14,9
111121,2018092206,0.003,0.5,0.02,0.03,12,8
111121,2018092207,0.003,0.5,0.015,0.035,15,13
111121,2018092208,0.003,0.5,0.018,0.034,15,10
111121,2018092209,0.003,0.6,0.026,0.035,17,10
111121,2018092210,0.003,0.6,0.046,0.028,26,16
111121,2018092211,0.004,0.6,0.051,0.024,36,17
111121,2018092212,0.004,0.5,0.055,0.019,40,17
111121,2018092213,0.003,0.4,0.059,0.013,36,10
111121,2018092214,0.003,0.3,0.062,0.009,28,8
111121,2018092215,0.003,0.3,0.06,0.011,24,6
111121,2018092216,0.003,0.4,0.063,0.01,29,7
111121,2018092217,0.003,0.4,0.059,0.01,29,7
111121,2018092218,0.003,0.3,0.053,0.012,29,8
111121,2018092219,0.003,0.4,0.037,0.022,30,10
111121,2018092220,0.003,0.3,0.033,0.023,31,8
111121,2018092221,0.003,0.4,0.032,0.023,33,8
111121,2018092222,0.003,0.4,0.02,0.033,34,8
111121,2018092223,0.003,0.6,0.002,0.046,35,10
111121,2018092224,0.003,0.6,0.002,0.042,33,10
111121,2018092301,0.002,0.5,0.007,0.035,33,10
111121,2018092302,0.002,0.5,0.003,0.036,30,8
111121,2018092303,0.002,0.5,0.004,0.032,30,8
111121,2018092304,0.002,0.5,0.007,0.03,29,10
111121,2018092305,0.003,0.5,0.009,0.026,30,10
111121,2018092306,0.002,0.5,0.004,0.03,30,11
111121,2018092307,0.003,0.5,0.003,0.029,28,10
111121,2018092308,0.003,0.5,0.006,0.027,29,11
111121,2018092309,0.003,0.4,0.013,0.023,30,11
111121,2018092310,0.003,0.4,0.023,0.021,26,8
111121,2018092311,0.003,0.4,0.031,0.017,27,9
111121,2018092312,0.003,0.4,0.036,0.015,28,10
111121,2018092313,0.005,0.5,0.045,0.017,27,13
111121,2018092314,0.005,0.4,0.062,0.014,28,11
111121,2018092315,0.004,0.3,0.065,0.009,24,11
111121,2018092316,0.003,0.3,0.07,0.008,21,8
111121,2018092317,0.004,0.3,0.066,0.008,20,9
111121,2018092318,0.003,0.3,0.067,0.009,22,9
111121,2018092319,0.004,0.3,0.066,0.011,27,11
111121,2018092320,0.003,0.3,0.058,0.014,24,9
111121,2018092321,0.003,0.3,0.05,0.013,24,7
111121,2018092322,0.003,0.3,0.045,0.013,16,6
111121,2018092323,0.003,0.3,0.044,0.011,15,5
111121,2018092324,0.003,0.4,0.037,0.016,15,6
111121,2018092401,0.003,0.4,0.037,0.014,16,8
111121,2018092402,0.003,0.4,0.039,0.011,16,7
111121,2018092403,0.003,0.4,0.038,0.011,18,9
111121,2018092404,0.003,0.5,0.031,0.012,17,7
111121,2018092405,0.003,0.4,0.034,0.012,14,7
111121,2018092406,0.003,0.4,0.037,0.011,18,8
111121,2018092407,0.003,0.4,0.04,0.008,15,8
111121,2018092408,0.003,0.3,0.039,0.008,16,6
111121,2018092409,0.003,0.3,0.038,0.005,16,7
111121,2018092410,0.003,0.3,0.035,0.006,15,5
111121,2018092411,0.002,0.3,0.037,0.005,11,4
111121,2018092412,0.002,0.3,0.04,0.004,9,4
111121,2018092413,0.002,0.3,0.041,0.004,8,5
111121,2018092414,0.002,0.2,0.041,0.006,10,5
111121,2018092415,0.002,0.3,0.041,0.005,9,5
111121,2018092416,0.002,0.3,0.042,0.005,9,4
111121,2018092417,0.002,0.3,0.041,0.005,9,3
111121,2018092418,0.002,0.3,0.04,0.007,11,4
111121,2018092419,0.002,0.3,0.035,0.011,10,3
111121,2018092420,0.002,0.3,0.032,0.013,10,5
111121,2018092421,0.002,0.3,0.029,0.014,7,4
111121,2018092422,0.002,0.3,0.027,0.015,10,4
111121,2018092423,0.002,0.3,0.032,0.009,14,5
111121,2018092424,0.002,0.3,0.022,0.017,15,5
111121,2018092501,0.002,0.3,0.018,0.019,15,6
111121,2018092502,0.002,0.4,0.013,0.02,15,6
111121,2018092503,0.003,0.4,0.011,0.02,15,6
111121,2018092504,0.002,0.3,0.019,0.013,16,7
111121,2018092505,0.002,0.3,0.022,0.011,16,7
111121,2018092506,0.003,0.3,0.014,0.016,18,9
111121,2018092507,0.002,0.4,0.005,0.023,18,9
111121,2018092508,0.002,0.4,0.007,0.023,19,9
111121,2018092509,0.003,0.4,0.014,0.019,19,8
111121,2018092510,0.003,0.4,0.022,0.015,15,6
111121,2018092511,0.002,0.3,0.03,0.012,16,6
111121,2018092512,0.002,0.3,0.035,0.01,17,7
111121,2018092513,0.003,0.3,0.037,0.009,12,8
111121,2018092514,0.003,0.3,0.038,0.012,12,7
111121,2018092515,0.002,0.3,0.039,0.012,9,5
111121,2018092516,0.002,0.3,0.041,0.011,10,4
111121,2018092517,0.002,0.3,0.036,0.014,10,6
111121,2018092518,0.002,0.3,0.036,0.012,10,6
111121,2018092519,0.002,0.4,0.026,0.021,11,7
111121,2018092520,0.002,0.4,0.018,0.026,15,9
111121,2018092521,0.002,0.4,0.014,0.028,14,8
111121,2018092522,0.002,0.3,0.025,0.018,14,10
111121,2018092523,0.002,0.3,0.023,0.02,12,8
111121,2018092524,0.002,0.3,0.026,0.016,12,8
111121,2018092601,0.002,0.3,0.025,0.017,11,6
111121,2018092602,0.002,0.3,0.026,0.016,11,7
111121,2018092603,0.002,0.3,0.029,0.013,10,7
111121,2018092604,0.002,0.3,0.032,0.01,10,6
111121,2018092605,0.002,0.3,0.03,0.01,10,5
111121,2018092606,0.002,0.3,0.027,0.011,8,6
111121,2018092607,0.002,0.3,0.025,0.013,8,4
111121,2018092608,0.002,0.3,0.024,0.015,8,5
111121,2018092609,0.002,0.3,0.025,0.015,7,5
111121,2018092610,0.002,0.3,0.025,0.015,8,4
111121,2018092611,0.002,0.4,0.029,0.014,7,5
111121,2018092612,0.002,0.3,0.032,0.012,8,4
111121,2018092613,0.002,0.3,0.036,0.011,7,5
111121,2018092614,0.002,0.3,0.037,0.013,10,6
111121,2018092615,0.002,0.3,0.041,0.009,9,5
111121,2018092616,0.002,0.3,0.043,0.01,6,4
111121,2018092617,0.002,0.3,0.038,0.014,6,5
111121,2018092618,0.002,0.3,0.04,0.012,7,5
111121,2018092619,0.002,0.3,0.026,0.022,7,5
111121,2018092620,0.002,0.4,0.018,0.026,9,6
111121,2018092621,0.002,0.4,0.018,0.023,11,4
111121,2018092622,0.002,0.3,0.025,0.017,9,6
111121,2018092623,0.002,0.3,0.029,0.014,8,7
111121,2018092624,0.002,0.3,0.031,0.012,8,4
111121,2018092701,0.002,0.3,0.033,0.01,8,3
111121,2018092702,0.002,0.3,0.035,0.008,6,3
111121,2018092703,0.002,0.3,0.034,0.008,5,3
111121,2018092704,0.002,0.3,0.03,0.01,6,4
111121,2018092705,0.002,0.3,0.033,0.007,4,4
111121,2018092706,0.002,0.3,0.028,0.011,6,4
111121,2018092707,0.002,0.3,0.013,0.026,6,4
111121,2018092708,0.002,0.3,0.017,0.025,8,4
111121,2018092709,0.002,0.3,0.022,0.022,8,6
111121,2018092710,0.002,0.3,0.025,0.019,7,2
111121,2018092711,0.002,0.3,0.027,0.018,9,4
111121,2018092712,0.002,0.3,0.035,0.015,11,6
111121,2018092713,0.002,0.3,0.04,0.013,10,4
111121,2018092714,0.002,0.3,0.044,0.012,10,7
111121,2018092715,0.002,0.3,0.039,0.016,5,5
111121,2018092716,0.002,0.4,0.034,0.021,8,4
111121,2018092717,0.002,0.3,0.042,0.014,7,6
111121,2018092718,,,,,,
111121,2018092719,,,,,,
111121,2018092720,0.002,0.4,0.009,0.038,10,7
111121,2018092721,0.002,0.4,0.012,0.03,13,10
111121,2018092722,0.002,0.4,0.014,0.027,13,8
111121,2018092723,0.002,0.3,0.016,0.024,13,8
111121,2018092724,0.002,0.3,0.016,0.024,11,7
111121,2018092801,0.002,0.3,0.018,0.021,8,6
111121,2018092802,0.002,0.3,0.028,0.011,9,6
111121,2018092803,0.002,0.3,0.029,0.01,10,5
111121,2018092804,0.002,0.3,0.031,0.008,7,5
111121,2018092805,0.002,0.3,0.03,0.01,8,3
111121,2018092806,0.002,0.3,0.026,0.013,6,4
111121,2018092807,0.002,0.3,0.019,0.02,6,5
111121,2018092808,0.002,0.3,0.013,0.027,8,4
111121,2018092809,0.002,0.3,0.014,0.026,10,5
111121,2018092810,0.002,0.4,0.014,0.028,11,6
111121,2018092811,0.002,0.4,0.013,0.031,13,6
111121,2018092812,0.002,0.4,0.013,0.031,16,7
111121,2018092813,0.002,0.5,0.013,0.032,20,9
111121,2018092814,0.003,0.4,0.015,0.03,16,9
111121,2018092815,0.002,0.4,0.022,0.025,18,8
111121,2018092816,0.003,0.4,0.021,0.028,16,7
111121,2018092817,0.003,0.4,0.02,0.031,17,7
111121,2018092818,0.002,0.4,0.019,0.032,16,8
111121,2018092819,0.003,0.5,0.009,0.04,17,10
111121,2018092820,0.003,0.6,0.003,0.044,21,14
111121,2018092821,0.003,0.5,0.002,0.041,22,15
111121,2018092822,0.002,0.5,0.003,0.037,20,12
111121,2018092823,0.002,0.5,0.002,0.037,16,10
111121,2018092824,0.002,0.4,0.003,0.032,16,9
111121,2018092901,0.002,0.4,0.005,0.031,14,9
111121,2018092902,0.002,0.4,0.008,0.026,13,8
111121,2018092903,0.002,0.3,0.013,0.018,12,8
111121,2018092904,0.002,0.4,0.011,0.02,11,6
111121,2018092905,0.002,0.4,0.007,0.024,10,6
111121,2018092906,0.002,0.4,0.004,0.028,12,7
111121,2018092907,0.002,0.4,0.002,0.028,11,8
111121,2018092908,0.003,0.4,0.007,0.025,13,8
111121,2018092909,0.002,0.3,0.014,0.021,13,8
111121,2018092910,0.002,0.3,0.019,0.021,11,5
111121,2018092911,0.002,0.4,0.023,0.02,10,4
111121,2018092912,0.002,0.3,0.03,0.019,12,6
111121,2018092913,0.002,0.3,0.033,0.019,12,5
111121,2018092914,0.002,0.3,0.044,0.016,15,8
111121,2018092915,0.002,0.3,0.044,0.021,11,7
111121,2018092916,0.002,0.3,0.045,0.022,13,7
111121,2018092917,0.002,0.3,0.041,0.027,14,7
111121,2018092918,0.002,0.3,0.044,0.024,13,7
111121,2018092919,0.002,0.3,0.035,0.03,16,10
111121,2018092920,0.002,0.4,0.015,0.045,17,11
111121,2018092921,0.002,0.6,0.007,0.052,20,11
111121,2018092922,0.003,0.7,0.002,0.055,21,13
111121,2018092923,0.003,0.7,0.002,0.051,19,13
111121,2018092924,0.003,0.6,0.001,0.049,18,12
111121,2018093001,0.003,0.6,0.002,0.048,18,15
111121,2018093002,0.003,0.6,0.006,0.039,20,14
111121,2018093003,0.003,0.4,0.013,0.028,16,11
111121,2018093004,0.002,0.4,0.012,0.023,14,10
111121,2018093005,0.003,0.4,0.009,0.025,13,10
111121,2018093006,0.002,0.4,0.007,0.026,14,10
111121,2018093007,0.002,0.4,0.003,0.031,13,9
111121,2018093008,0.003,0.5,0.004,0.03,19,10
111121,2018093009,0.003,0.5,0.009,0.027,17,10
111121,2018093010,0.003,0.5,0.016,0.026,15,8
111121,2018093011,0.003,0.4,0.028,0.027,20,11
111121,2018093012,0.003,0.4,0.05,0.01,34,21
111121,2018093013,0.003,0.3,0.053,0.009,24,11
111121,2018093014,0.003,0.3,0.053,0.007,24,14
111121,2018093015,0.002,0.3,0.052,0.006,19,9
111121,2018093016,0.002,0.3,0.048,0.007,17,7
111121,2018093017,0.002,0.2,0.047,0.006,15,6
111121,2018093018,0.002,0.2,0.045,0.008,18,5
111121,2018093019,0.002,0.3,0.04,0.01,18,9
111121,2018093020,0.002,0.3,0.033,0.014,14,6
111121,2018093021,0.002,0.3,0.035,0.011,14,5
111121,2018093022,0.002,0.3,0.036,0.01,13,6
111121,2018093023,0.002,0.3,0.031,0.013,13,8
111121,2018093024,0.003,0.3,0.031,0.016,13,7
